Workbook
Name headerRow: 'Structured 2025'!$1:$1
Name headerRow: 'Structured 2024'!$1:$1
Name headerRow2: 'Structured 2023'!$1:$1
Name oppCol: 'Structured 2025'!$C:$C
Name oppCol23: 'Structured 2023'!$C:$C
Name oppCol24: 'Structured 2024'!$C:$C
Name ovrHeaderRow: 'Overall 2024 Reference'!$1:$1
Name ovrHeaderRow2: 'Overall 2023 Reference'!$1:$1
Name ovrHeaderRow25: 'Overall 2025 Reference'!$1:$1
Name ovrTable: 'Overall 2024 Reference'!$A$1:$AH$69
Name ovrTable2: 'Overall 2023 Reference'!$A$1:$AJ$69
Name ovrTable25: 'Overall 2025 Reference'!$A$1:$AH$69
Name ovrTeamCol: 'Overall 2024 Reference'!$A:$A
Name ovrTeamCol2: 'Overall 2023 Reference'!$A:$A
Name ovrTeamCol25: 'Overall 2025 Reference'!$A:$A
Name rawLookup: 'Raw 2024 Season'!$B:$B
Name rawLookup2: 'Raw 2023 Season'!$B:$B
Name rawLookup25: 'Raw 2025 Season'!$B:$B
Name rawTeamCol: 'Raw 2024 Season'!$E:$E
Name rawTeamCol2: 'Raw 2023 Season'!$E:$E
Name rawTeamCol25: 'Raw 2025 Season'!$E:$E
Name rawValue: 'Raw 2024 Season'!$H:$H
Name rawValue2: 'Raw 2023 Season'!$H:$H
Name rawValue25: 'Raw 2025 Season'!$H:$H
Name statAbbr: mapping!$H:$H
Name statID: mapping!$J:$J
Name statOfficial: mapping!$I:$I
Name statsNames: [1]mapping!$K:$L
Name teamCol: 'Structured 2025'!$A:$A
Name teamCol: 'Structured 2024'!$A:$A
Name teamCol2: 'Structured 2023'!$A:$A
Name teamID: mapping!$D:$D
Name teamINI: mapping!$E:$E
Name teamRawName: mapping!$B:$B

Sheet Overall 2024 Reference
A1: Team | B1: Seed | C1: Games | D1: OPP | E1: 3PD% | F1: 3PPG | G1: 3PT% | H1: 3PTA | I1: A:T | J1: APG | K1: Bench | L1: BPG | M1: DFG% | N1: DRPG | O1: EFG% | P1: FB | Q1: FG% | R1: FPG | S1: FT% | T1: FTA | U1: FTPG | V1: OPPG | W1: ORPG | X1: PPG | Y1: RM | Z1: RPG | AA1: SM | AB1: SPG | AC1: TM | AD1: TOF | AE1: TPG | AF1: TEMPO | AG1: 2PT FGM | AH1: FGA
A2: CONN | B2: 1 | C2: 6 | D2: SEASON | E2: =INDEX(rawValue,MATCH(INDEX(teamID,MATCH(INDEX(ovrTeamCol,ROW(),1),teamINI,0))+INDEX(statID,MATCH(INDEX(ovrHeaderRow,1,COLUMN()),statAbbr,0),1),rawLookup,0)) -> 31.2 | F2: =INDEX(rawValue,MATCH(INDEX(teamID,MATCH(INDEX(ovrTeamCol,ROW(),1),teamINI,0))+INDEX(statID,MATCH(INDEX(ovrHeaderRow,1,COLUMN()),statAbbr,0),1),rawLookup,0)) -> 8.5 | G2: =INDEX(rawValue,MATCH(INDEX(teamID,MATCH(INDEX(ovrTeamCol,ROW(),1),teamINI,0))+INDEX(statID,MATCH(INDEX(ovrHeaderRow,1,COLUMN()),statAbbr,0),1),rawLookup,0)) -> 35.8 | H2: =INDEX(rawValue,MATCH(INDEX(teamID,MATCH(INDEX(ovrTeamCol,ROW(),1),teamINI,0))+INDEX(statID,MATCH(INDEX(ovrHeaderRow,1,COLUMN()),statAbbr,0),1),rawLookup,0)) -> 23.8 | I2: =INDEX(rawValue,MATCH(INDEX(teamID,MATCH(INDEX(ovrTeamCol,ROW(),1),teamINI,0))+INDEX(statID,MATCH(INDEX(ovrHeaderRow,1,COLUMN()),statAbbr,0),1),rawLookup,0)) -> 1.95 | J2: =INDEX(rawValue,MATCH(INDEX(teamID,MATCH(INDEX(ovrTeamCol,ROW(),1),teamINI,0))+INDEX(statID,MATCH(INDEX(ovrHeaderRow,1,COLUMN()),statAbbr,0),1),rawLookup,0)) -> 18.7 | K2: =INDEX(rawValue,MATCH(INDEX(teamID,MATCH(INDEX(ovrTeamCol,ROW(),1),teamINI,0))+INDEX(statID,MATCH(INDEX(ovrHeaderRow,1,COLUMN()),statAbbr,0),1),rawLookup,0)) -> 16.15 | L2: =INDEX(rawValue,MATCH(INDEX(teamID,MATCH(INDEX(ovrTeamCol,ROW(),1),teamINI,0))+INDEX(statID,MATCH(INDEX(ovrHeaderRow,1,COLUMN()),statAbbr,0),1),rawLookup,0)) -> 5.4 | ... AE2: =INDEX(rawValue,MATCH(INDEX(teamID,MATCH(INDEX(ovrTeamCol,ROW(),1),teamINI,0))+INDEX(statID,MATCH(INDEX(ovrHeaderRow,1,COLUMN()),statAbbr,0),1),rawLookup,0)) -> 9.6 | AF2: 67.9 | AG2: =(X2-U2-F2*3)/2 -> 20.9 | AH2: =(AG2+F2)*100/Q2 -> 59.15493
A3: PUR | B3: 1 | C3: 6 | D3: SEASON | E3: =INDEX(rawValue,MATCH(INDEX(teamID,MATCH(INDEX(ovrTeamCol,ROW(),1),teamINI,0))+INDEX(statID,MATCH(INDEX(ovrHeaderRow,1,COLUMN()),statAbbr,0),1),rawLookup,0)) -> 31.5 | F3: =INDEX(rawValue,MATCH(INDEX(teamID,MATCH(INDEX(ovrTeamCol,ROW(),1),teamINI,0))+INDEX(statID,MATCH(INDEX(ovrHeaderRow,1,COLUMN()),statAbbr,0),1),rawLookup,0)) -> 8.2 | G3: =INDEX(rawValue,MATCH(INDEX(teamID,MATCH(INDEX(ovrTeamCol,ROW(),1),teamINI,0))+INDEX(statID,MATCH(INDEX(ovrHeaderRow,1,COLUMN()),statAbbr,0),1),rawLookup,0)) -> 40.4 | H3: =INDEX(rawValue,MATCH(INDEX(teamID,MATCH(INDEX(ovrTeamCol,ROW(),1),teamINI,0))+INDEX(statID,MATCH(INDEX(ovrHeaderRow,1,COLUMN()),statAbbr,0),1),rawLookup,0)) -> 20.2 | I3: =INDEX(rawValue,MATCH(INDEX(teamID,MATCH(INDEX(ovrTeamCol,ROW(),1),teamINI,0))+INDEX(statID,MATCH(INDEX(ovrHeaderRow,1,COLUMN()),statAbbr,0),1),rawLookup,0)) -> 1.63 | J3: =INDEX(rawValue,MATCH(INDEX(teamID,MATCH(INDEX(ovrTeamCol,ROW(),1),teamINI,0))+INDEX(statID,MATCH(INDEX(ovrHeaderRow,1,COLUMN()),statAbbr,0),1),rawLookup,0)) -> 18.5 | K3: =INDEX(rawValue,MATCH(INDEX(teamID,MATCH(INDEX(ovrTeamCol,ROW(),1),teamINI,0))+INDEX(statID,MATCH(INDEX(ovrHeaderRow,1,COLUMN()),statAbbr,0),1),rawLookup,0)) -> 16.72 | L3: =INDEX(rawValue,MATCH(INDEX(teamID,MATCH(INDEX(ovrTeamCol,ROW(),1),teamINI,0))+INDEX(statID,MATCH(INDEX(ovrHeaderRow,1,COLUMN()),statAbbr,0),1),rawLookup,0)) -> 3.6 | ... AE3: =INDEX(rawValue,MATCH(INDEX(teamID,MATCH(INDEX(ovrTeamCol,ROW(),1),teamINI,0))+INDEX(statID,MATCH(INDEX(ovrHeaderRow,1,COLUMN()),statAbbr,0),1),rawLookup,0)) -> 11.3 | AF3: 70.1 | AG3: =(X3-U3-F3*3)/2 -> 20.2 | AH3: =(AG3+F3)*100/Q3 -> 58.196721
A4: ALA | B4: 4 | C4: 5 | D4: SEASON | E4: =INDEX(rawValue,MATCH(INDEX(teamID,MATCH(INDEX(ovrTeamCol,ROW(),1),teamINI,0))+INDEX(statID,MATCH(INDEX(ovrHeaderRow,1,COLUMN()),statAbbr,0),1),rawLookup,0)) -> 31.7 | F4: =INDEX(rawValue,MATCH(INDEX(teamID,MATCH(INDEX(ovrTeamCol,ROW(),1),teamINI,0))+INDEX(statID,MATCH(INDEX(ovrHeaderRow,1,COLUMN()),statAbbr,0),1),rawLookup,0)) -> 11.2 | G4: =INDEX(rawValue,MATCH(INDEX(teamID,MATCH(INDEX(ovrTeamCol,ROW(),1),teamINI,0))+INDEX(statID,MATCH(INDEX(ovrHeaderRow,1,COLUMN()),statAbbr,0),1),rawLookup,0)) -> 37.3 | H4: =INDEX(rawValue,MATCH(INDEX(teamID,MATCH(INDEX(ovrTeamCol,ROW(),1),teamINI,0))+INDEX(statID,MATCH(INDEX(ovrHeaderRow,1,COLUMN()),statAbbr,0),1),rawLookup,0)) -> 29.9 | I4: =INDEX(rawValue,MATCH(INDEX(teamID,MATCH(INDEX(ovrTeamCol,ROW(),1),teamINI,0))+INDEX(statID,MATCH(INDEX(ovrHeaderRow,1,COLUMN()),statAbbr,0),1),rawLookup,0)) -> 1.34 | J4: =INDEX(rawValue,MATCH(INDEX(teamID,MATCH(INDEX(ovrTeamCol,ROW(),1),teamINI,0))+INDEX(statID,MATCH(INDEX(ovrHeaderRow,1,COLUMN()),statAbbr,0),1),rawLookup,0)) -> 15.9 | K4: =INDEX(rawValue,MATCH(INDEX(teamID,MATCH(INDEX(ovrTeamCol,ROW(),1),teamINI,0))+INDEX(statID,MATCH(INDEX(ovrHeaderRow,1,COLUMN()),statAbbr,0),1),rawLookup,0)) -> 25.11 | L4: =INDEX(rawValue,MATCH(INDEX(teamID,MATCH(INDEX(ovrTeamCol,ROW(),1),teamINI,0))+INDEX(statID,MATCH(INDEX(ovrHeaderRow,1,COLUMN()),statAbbr,0),1),rawLookup,0)) -> 4.4 | ... AE4: =INDEX(rawValue,MATCH(INDEX(teamID,MATCH(INDEX(ovrTeamCol,ROW(),1),teamINI,0))+INDEX(statID,MATCH(INDEX(ovrHeaderRow,1,COLUMN()),statAbbr,0),1),rawLookup,0)) -> 11.8 | AF4: 76.3 | AG4: =(X4-U4-F4*3)/2 -> 19.45 | AH4: =(AG4+F4)*100/Q4 -> 64.390756
A5: NCSU | B5: 11 | C5: 5 | D5: SEASON | E5: =INDEX(rawValue,MATCH(INDEX(teamID,MATCH(INDEX(ovrTeamCol,ROW(),1),teamINI,0))+INDEX(statID,MATCH(INDEX(ovrHeaderRow,1,COLUMN()),statAbbr,0),1),rawLookup,0)) -> 33.5 | F5: =INDEX(rawValue,MATCH(INDEX(teamID,MATCH(INDEX(ovrTeamCol,ROW(),1),teamINI,0))+INDEX(statID,MATCH(INDEX(ovrHeaderRow,1,COLUMN()),statAbbr,0),1),rawLookup,0)) -> 7 | G5: =INDEX(rawValue,MATCH(INDEX(teamID,MATCH(INDEX(ovrTeamCol,ROW(),1),teamINI,0))+INDEX(statID,MATCH(INDEX(ovrHeaderRow,1,COLUMN()),statAbbr,0),1),rawLookup,0)) -> 34.5 | H5: =INDEX(rawValue,MATCH(INDEX(teamID,MATCH(INDEX(ovrTeamCol,ROW(),1),teamINI,0))+INDEX(statID,MATCH(INDEX(ovrHeaderRow,1,COLUMN()),statAbbr,0),1),rawLookup,0)) -> 20.2 | I5: =INDEX(rawValue,MATCH(INDEX(teamID,MATCH(INDEX(ovrTeamCol,ROW(),1),teamINI,0))+INDEX(statID,MATCH(INDEX(ovrHeaderRow,1,COLUMN()),statAbbr,0),1),rawLookup,0)) -> 1.37 | J5: =INDEX(rawValue,MATCH(INDEX(teamID,MATCH(INDEX(ovrTeamCol,ROW(),1),teamINI,0))+INDEX(statID,MATCH(INDEX(ovrHeaderRow,1,COLUMN()),statAbbr,0),1),rawLookup,0)) -> 13.1 | K5: =INDEX(rawValue,MATCH(INDEX(teamID,MATCH(INDEX(ovrTeamCol,ROW(),1),teamINI,0))+INDEX(statID,MATCH(INDEX(ovrHeaderRow,1,COLUMN()),statAbbr,0),1),rawLookup,0)) -> 18.8 | L5: =INDEX(rawValue,MATCH(INDEX(teamID,MATCH(INDEX(ovrTeamCol,ROW(),1),teamINI,0))+INDEX(statID,MATCH(INDEX(ovrHeaderRow,1,COLUMN()),statAbbr,0),1),rawLookup,0)) -> 3.6 | ... AE5: =INDEX(rawValue,MATCH(INDEX(teamID,MATCH(INDEX(ovrTeamCol,ROW(),1),teamINI,0))+INDEX(statID,MATCH(INDEX(ovrHeaderRow,1,COLUMN()),statAbbr,0),1),rawLookup,0)) -> 9.6 | AF5: 70.8 | AG5: =(X5-U5-F5*3)/2 -> 20.2 | AH5: =(AG5+F5)*100/Q5 -> 60.444444
A6: CLEM | B6: 6 | C6: 4 | D6: SEASON | E6: =INDEX(rawValue,MATCH(INDEX(teamID,MATCH(INDEX(ovrTeamCol,ROW(),1),teamINI,0))+INDEX(statID,MATCH(INDEX(ovrHeaderRow,1,COLUMN()),statAbbr,0),1),rawLookup,0)) -> 33.1 | F6: =INDEX(rawValue,MATCH(INDEX(teamID,MATCH(INDEX(ovrTeamCol,ROW(),1),teamINI,0))+INDEX(statID,MATCH(INDEX(ovrHeaderRow,1,COLUMN()),statAbbr,0),1),rawLookup,0)) -> 8.2 | G6: =INDEX(rawValue,MATCH(INDEX(teamID,MATCH(INDEX(ovrTeamCol,ROW(),1),teamINI,0))+INDEX(statID,MATCH(INDEX(ovrHeaderRow,1,COLUMN()),statAbbr,0),1),rawLookup,0)) -> 35.1 | H6: =INDEX(rawValue,MATCH(INDEX(teamID,MATCH(INDEX(ovrTeamCol,ROW(),1),teamINI,0))+INDEX(statID,MATCH(INDEX(ovrHeaderRow,1,COLUMN()),statAbbr,0),1),rawLookup,0)) -> 23.4 | I6: =INDEX(rawValue,MATCH(INDEX(teamID,MATCH(INDEX(ovrTeamCol,ROW(),1),teamINI,0))+INDEX(statID,MATCH(INDEX(ovrHeaderRow,1,COLUMN()),statAbbr,0),1),rawLookup,0)) -> 1.47 | J6: =INDEX(rawValue,MATCH(INDEX(teamID,MATCH(INDEX(ovrTeamCol,ROW(),1),teamINI,0))+INDEX(statID,MATCH(INDEX(ovrHeaderRow,1,COLUMN()),statAbbr,0),1),rawLookup,0)) -> 14.8 | K6: =INDEX(rawValue,MATCH(INDEX(teamID,MATCH(INDEX(ovrTeamCol,ROW(),1),teamINI,0))+INDEX(statID,MATCH(INDEX(ovrHeaderRow,1,COLUMN()),statAbbr,0),1),rawLookup,0)) -> 14.19 | L6: =INDEX(rawValue,MATCH(INDEX(teamID,MATCH(INDEX(ovrTeamCol,ROW(),1),teamINI,0))+INDEX(statID,MATCH(INDEX(ovrHeaderRow,1,COLUMN()),statAbbr,0),1),rawLookup,0)) -> 3.8 | ... AE6: =INDEX(rawValue,MATCH(INDEX(teamID,MATCH(INDEX(ovrTeamCol,ROW(),1),teamINI,0))+INDEX(statID,MATCH(INDEX(ovrHeaderRow,1,COLUMN()),statAbbr,0),1),rawLookup,0)) -> 10.1 | AF6: 69.7 | AG6: =(X6-U6-F6*3)/2 -> 19.35 | AH6: =(AG6+F6)*100/Q6 -> 58.742004
A7: DUKE | B7: 4 | C7: 4 | D7: SEASON | E7: =INDEX(rawValue,MATCH(INDEX(teamID,MATCH(INDEX(ovrTeamCol,ROW(),1),teamINI,0))+INDEX(statID,MATCH(INDEX(ovrHeaderRow,1,COLUMN()),statAbbr,0),1),rawLookup,0)) -> 31.8 | F7: =INDEX(rawValue,MATCH(INDEX(teamID,MATCH(INDEX(ovrTeamCol,ROW(),1),teamINI,0))+INDEX(statID,MATCH(INDEX(ovrHeaderRow,1,COLUMN()),statAbbr,0),1),rawLookup,0)) -> 8.3 | G7: =INDEX(rawValue,MATCH(INDEX(teamID,MATCH(INDEX(ovrTeamCol,ROW(),1),teamINI,0))+INDEX(statID,MATCH(INDEX(ovrHeaderRow,1,COLUMN()),statAbbr,0),1),rawLookup,0)) -> 37.7 | H7: =INDEX(rawValue,MATCH(INDEX(teamID,MATCH(INDEX(ovrTeamCol,ROW(),1),teamINI,0))+INDEX(statID,MATCH(INDEX(ovrHeaderRow,1,COLUMN()),statAbbr,0),1),rawLookup,0)) -> 22 | I7: =INDEX(rawValue,MATCH(INDEX(teamID,MATCH(INDEX(ovrTeamCol,ROW(),1),teamINI,0))+INDEX(statID,MATCH(INDEX(ovrHeaderRow,1,COLUMN()),statAbbr,0),1),rawLookup,0)) -> 1.58 | J7: =INDEX(rawValue,MATCH(INDEX(teamID,MATCH(INDEX(ovrTeamCol,ROW(),1),teamINI,0))+INDEX(statID,MATCH(INDEX(ovrHeaderRow,1,COLUMN()),statAbbr,0),1),rawLookup,0)) -> 15.3 | K7: =INDEX(rawValue,MATCH(INDEX(teamID,MATCH(INDEX(ovrTeamCol,ROW(),1),teamINI,0))+INDEX(statID,MATCH(INDEX(ovrHeaderRow,1,COLUMN()),statAbbr,0),1),rawLookup,0)) -> 14.22 | L7: =INDEX(rawValue,MATCH(INDEX(teamID,MATCH(INDEX(ovrTeamCol,ROW(),1),teamINI,0))+INDEX(statID,MATCH(INDEX(ovrHeaderRow,1,COLUMN()),statAbbr,0),1),rawLookup,0)) -> 3.7 | ... AE7: =INDEX(rawValue,MATCH(INDEX(teamID,MATCH(INDEX(ovrTeamCol,ROW(),1),teamINI,0))+INDEX(statID,MATCH(INDEX(ovrHeaderRow,1,COLUMN()),statAbbr,0),1),rawLookup,0)) -> 9.7 | AF7: 68.6 | AG7: =(X7-U7-F7*3)/2 -> 19.55 | AH7: =(AG7+F7)*100/Q7 -> 58.631579
A8: ILL | B8: 3 | C8: 4 | D8: SEASON | E8: =INDEX(rawValue,MATCH(INDEX(teamID,MATCH(INDEX(ovrTeamCol,ROW(),1),teamINI,0))+INDEX(statID,MATCH(INDEX(ovrHeaderRow,1,COLUMN()),statAbbr,0),1),rawLookup,0)) -> 34.1 | F8: =INDEX(rawValue,MATCH(INDEX(teamID,MATCH(INDEX(ovrTeamCol,ROW(),1),teamINI,0))+INDEX(statID,MATCH(INDEX(ovrHeaderRow,1,COLUMN()),statAbbr,0),1),rawLookup,0)) -> 8.3 | G8: =INDEX(rawValue,MATCH(INDEX(teamID,MATCH(INDEX(ovrTeamCol,ROW(),1),teamINI,0))+INDEX(statID,MATCH(INDEX(ovrHeaderRow,1,COLUMN()),statAbbr,0),1),rawLookup,0)) -> 34.9 | H8: =INDEX(rawValue,MATCH(INDEX(teamID,MATCH(INDEX(ovrTeamCol,ROW(),1),teamINI,0))+INDEX(statID,MATCH(INDEX(ovrHeaderRow,1,COLUMN()),statAbbr,0),1),rawLookup,0)) -> 23.9 | I8: =INDEX(rawValue,MATCH(INDEX(teamID,MATCH(INDEX(ovrTeamCol,ROW(),1),teamINI,0))+INDEX(statID,MATCH(INDEX(ovrHeaderRow,1,COLUMN()),statAbbr,0),1),rawLookup,0)) -> 1.26 | J8: =INDEX(rawValue,MATCH(INDEX(teamID,MATCH(INDEX(ovrTeamCol,ROW(),1),teamINI,0))+INDEX(statID,MATCH(INDEX(ovrHeaderRow,1,COLUMN()),statAbbr,0),1),rawLookup,0)) -> 13.3 | K8: =INDEX(rawValue,MATCH(INDEX(teamID,MATCH(INDEX(ovrTeamCol,ROW(),1),teamINI,0))+INDEX(statID,MATCH(INDEX(ovrHeaderRow,1,COLUMN()),statAbbr,0),1),rawLookup,0)) -> 19.18 | L8: =INDEX(rawValue,MATCH(INDEX(teamID,MATCH(INDEX(ovrTeamCol,ROW(),1),teamINI,0))+INDEX(statID,MATCH(INDEX(ovrHeaderRow,1,COLUMN()),statAbbr,0),1),rawLookup,0)) -> 3.8 | ... AE8: =INDEX(rawValue,MATCH(INDEX(teamID,MATCH(INDEX(ovrTeamCol,ROW(),1),teamINI,0))+INDEX(statID,MATCH(INDEX(ovrHeaderRow,1,COLUMN()),statAbbr,0),1),rawLookup,0)) -> 10.6 | AF8: 72.3 | AG8: =(X8-U8-F8*3)/2 -> 20.8 | AH8: =(AG8+F8)*100/Q8 -> 62.046908
A9: TENN | B9: 2 | C9: 4 | D9: SEASON | E9: =INDEX(rawValue,MATCH(INDEX(teamID,MATCH(INDEX(ovrTeamCol,ROW(),1),teamINI,0))+INDEX(statID,MATCH(INDEX(ovrHeaderRow,1,COLUMN()),statAbbr,0),1),rawLookup,0)) -> 31.2 | F9: =INDEX(rawValue,MATCH(INDEX(teamID,MATCH(INDEX(ovrTeamCol,ROW(),1),teamINI,0))+INDEX(statID,MATCH(INDEX(ovrHeaderRow,1,COLUMN()),statAbbr,0),1),rawLookup,0)) -> 8.8 | G9: =INDEX(rawValue,MATCH(INDEX(teamID,MATCH(INDEX(ovrTeamCol,ROW(),1),teamINI,0))+INDEX(statID,MATCH(INDEX(ovrHeaderRow,1,COLUMN()),statAbbr,0),1),rawLookup,0)) -> 34.4 | H9: =INDEX(rawValue,MATCH(INDEX(teamID,MATCH(INDEX(ovrTeamCol,ROW(),1),teamINI,0))+INDEX(statID,MATCH(INDEX(ovrHeaderRow,1,COLUMN()),statAbbr,0),1),rawLookup,0)) -> 25.4 | I9: =INDEX(rawValue,MATCH(INDEX(teamID,MATCH(INDEX(ovrTeamCol,ROW(),1),teamINI,0))+INDEX(statID,MATCH(INDEX(ovrHeaderRow,1,COLUMN()),statAbbr,0),1),rawLookup,0)) -> 1.63 | J9: =INDEX(rawValue,MATCH(INDEX(teamID,MATCH(INDEX(ovrTeamCol,ROW(),1),teamINI,0))+INDEX(statID,MATCH(INDEX(ovrHeaderRow,1,COLUMN()),statAbbr,0),1),rawLookup,0)) -> 16.7 | K9: =INDEX(rawValue,MATCH(INDEX(teamID,MATCH(INDEX(ovrTeamCol,ROW(),1),teamINI,0))+INDEX(statID,MATCH(INDEX(ovrHeaderRow,1,COLUMN()),statAbbr,0),1),rawLookup,0)) -> 18.86 | L9: =INDEX(rawValue,MATCH(INDEX(teamID,MATCH(INDEX(ovrTeamCol,ROW(),1),teamINI,0))+INDEX(statID,MATCH(INDEX(ovrHeaderRow,1,COLUMN()),statAbbr,0),1),rawLookup,0)) -> 4.6 | ... AE9: =INDEX(rawValue,MATCH(INDEX(teamID,MATCH(INDEX(ovrTeamCol,ROW(),1),teamINI,0))+INDEX(statID,MATCH(INDEX(ovrHeaderRow,1,COLUMN()),statAbbr,0),1),rawLookup,0)) -> 10.2 | AF9: 71.6 | AG9: =(X9-U9-F9*3)/2 -> 18.4 | AH9: =(AG9+F9)*100/Q9 -> 61.818182
A10: ARIZ | B10: 2 | C10: 3 | D10: SEASON | E10: =INDEX(rawValue,MATCH(INDEX(teamID,MATCH(INDEX(ovrTeamCol,ROW(),1),teamINI,0))+INDEX(statID,MATCH(INDEX(ovrHeaderRow,1,COLUMN()),statAbbr,0),1),rawLookup,0)) -> 32.9 | F10: =INDEX(rawValue,MATCH(INDEX(teamID,MATCH(INDEX(ovrTeamCol,ROW(),1),teamINI,0))+INDEX(statID,MATCH(INDEX(ovrHeaderRow,1,COLUMN()),statAbbr,0),1),rawLookup,0)) -> 7.9 | G10: =INDEX(rawValue,MATCH(INDEX(teamID,MATCH(INDEX(ovrTeamCol,ROW(),1),teamINI,0))+INDEX(statID,MATCH(INDEX(ovrHeaderRow,1,COLUMN()),statAbbr,0),1),rawLookup,0)) -> 36.6 | H10: =INDEX(rawValue,MATCH(INDEX(teamID,MATCH(INDEX(ovrTeamCol,ROW(),1),teamINI,0))+INDEX(statID,MATCH(INDEX(ovrHeaderRow,1,COLUMN()),statAbbr,0),1),rawLookup,0)) -> 21.6 | I10: =INDEX(rawValue,MATCH(INDEX(teamID,MATCH(INDEX(ovrTeamCol,ROW(),1),teamINI,0))+INDEX(statID,MATCH(INDEX(ovrHeaderRow,1,COLUMN()),statAbbr,0),1),rawLookup,0)) -> 1.55 | J10: =INDEX(rawValue,MATCH(INDEX(teamID,MATCH(INDEX(ovrTeamCol,ROW(),1),teamINI,0))+INDEX(statID,MATCH(INDEX(ovrHeaderRow,1,COLUMN()),statAbbr,0),1),rawLookup,0)) -> 18.5 | K10: =INDEX(rawValue,MATCH(INDEX(teamID,MATCH(INDEX(ovrTeamCol,ROW(),1),teamINI,0))+INDEX(statID,MATCH(INDEX(ovrHeaderRow,1,COLUMN()),statAbbr,0),1),rawLookup,0)) -> 22.86 | L10: =INDEX(rawValue,MATCH(INDEX(teamID,MATCH(INDEX(ovrTeamCol,ROW(),1),teamINI,0))+INDEX(statID,MATCH(INDEX(ovrHeaderRow,1,COLUMN()),statAbbr,0),1),rawLookup,0)) -> 3.7 | ... AE10: =INDEX(rawValue,MATCH(INDEX(teamID,MATCH(INDEX(ovrTeamCol,ROW(),1),teamINI,0))+INDEX(statID,MATCH(INDEX(ovrHeaderRow,1,COLUMN()),statAbbr,0),1),rawLookup,0)) -> 11.9 | AF10: 76.3 | AG10: =(X10-U10-F10*3)/2 -> 23.3 | AH10: =(AG10+F10)*100/Q10 -> 64.46281
A11: COLO | B11: 10 | C11: 3 | D11: SEASON | E11: =INDEX(rawValue,MATCH(INDEX(teamID,MATCH(INDEX(ovrTeamCol,ROW(),1),teamINI,0))+INDEX(statID,MATCH(INDEX(ovrHeaderRow,1,COLUMN()),statAbbr,0),1),rawLookup,0)) -> 32 | F11: =INDEX(rawValue,MATCH(INDEX(teamID,MATCH(INDEX(ovrTeamCol,ROW(),1),teamINI,0))+INDEX(statID,MATCH(INDEX(ovrHeaderRow,1,COLUMN()),statAbbr,0),1),rawLookup,0)) -> 6.9 | G11: =INDEX(rawValue,MATCH(INDEX(teamID,MATCH(INDEX(ovrTeamCol,ROW(),1),teamINI,0))+INDEX(statID,MATCH(INDEX(ovrHeaderRow,1,COLUMN()),statAbbr,0),1),rawLookup,0)) -> 39.1 | H11: =INDEX(rawValue,MATCH(INDEX(teamID,MATCH(INDEX(ovrTeamCol,ROW(),1),teamINI,0))+INDEX(statID,MATCH(INDEX(ovrHeaderRow,1,COLUMN()),statAbbr,0),1),rawLookup,0)) -> 17.5 | I11: =INDEX(rawValue,MATCH(INDEX(teamID,MATCH(INDEX(ovrTeamCol,ROW(),1),teamINI,0))+INDEX(statID,MATCH(INDEX(ovrHeaderRow,1,COLUMN()),statAbbr,0),1),rawLookup,0)) -> 1.28 | J11: =INDEX(rawValue,MATCH(INDEX(teamID,MATCH(INDEX(ovrTeamCol,ROW(),1),teamINI,0))+INDEX(statID,MATCH(INDEX(ovrHeaderRow,1,COLUMN()),statAbbr,0),1),rawLookup,0)) -> 16.2 | K11: =INDEX(rawValue,MATCH(INDEX(teamID,MATCH(INDEX(ovrTeamCol,ROW(),1),teamINI,0))+INDEX(statID,MATCH(INDEX(ovrHeaderRow,1,COLUMN()),statAbbr,0),1),rawLookup,0)) -> 11.27 | L11: =INDEX(rawValue,MATCH(INDEX(teamID,MATCH(INDEX(ovrTeamCol,ROW(),1),teamINI,0))+INDEX(statID,MATCH(INDEX(ovrHeaderRow,1,COLUMN()),statAbbr,0),1),rawLookup,0)) -> 2.2 | ... AE11: =INDEX(rawValue,MATCH(INDEX(teamID,MATCH(INDEX(ovrTeamCol,ROW(),1),teamINI,0))+INDEX(statID,MATCH(INDEX(ovrHeaderRow,1,COLUMN()),statAbbr,0),1),rawLookup,0)) -> 12.6 | AF11: 71.3 | AG11: =(X11-U11-F11*3)/2 -> 21.4 | AH11: =(AG11+F11)*100/Q11 -> 57.171717
A12: CREI | B12: 3 | C12: 3 | D12: SEASON | E12: =INDEX(rawValue,MATCH(INDEX(teamID,MATCH(INDEX(ovrTeamCol,ROW(),1),teamINI,0))+INDEX(statID,MATCH(INDEX(ovrHeaderRow,1,COLUMN()),statAbbr,0),1),rawLookup,0)) -> 32.3 | F12: =INDEX(rawValue,MATCH(INDEX(teamID,MATCH(INDEX(ovrTeamCol,ROW(),1),teamINI,0))+INDEX(statID,MATCH(INDEX(ovrHeaderRow,1,COLUMN()),statAbbr,0),1),rawLookup,0)) -> 10.7 | G12: =INDEX(rawValue,MATCH(INDEX(teamID,MATCH(INDEX(ovrTeamCol,ROW(),1),teamINI,0))+INDEX(statID,MATCH(INDEX(ovrHeaderRow,1,COLUMN()),statAbbr,0),1),rawLookup,0)) -> 36.8 | H12: =INDEX(rawValue,MATCH(INDEX(teamID,MATCH(INDEX(ovrTeamCol,ROW(),1),teamINI,0))+INDEX(statID,MATCH(INDEX(ovrHeaderRow,1,COLUMN()),statAbbr,0),1),rawLookup,0)) -> 29.1 | I12: =INDEX(rawValue,MATCH(INDEX(teamID,MATCH(INDEX(ovrTeamCol,ROW(),1),teamINI,0))+INDEX(statID,MATCH(INDEX(ovrHeaderRow,1,COLUMN()),statAbbr,0),1),rawLookup,0)) -> 1.58 | J12: =INDEX(rawValue,MATCH(INDEX(teamID,MATCH(INDEX(ovrTeamCol,ROW(),1),teamINI,0))+INDEX(statID,MATCH(INDEX(ovrHeaderRow,1,COLUMN()),statAbbr,0),1),rawLookup,0)) -> 16.8 | K12: =INDEX(rawValue,MATCH(INDEX(teamID,MATCH(INDEX(ovrTeamCol,ROW(),1),teamINI,0))+INDEX(statID,MATCH(INDEX(ovrHeaderRow,1,COLUMN()),statAbbr,0),1),rawLookup,0)) -> 10.49 | L12: =INDEX(rawValue,MATCH(INDEX(teamID,MATCH(INDEX(ovrTeamCol,ROW(),1),teamINI,0))+INDEX(statID,MATCH(INDEX(ovrHeaderRow,1,COLUMN()),statAbbr,0),1),rawLookup,0)) -> 4.1 | ... AE12: =INDEX(rawValue,MATCH(INDEX(teamID,MATCH(INDEX(ovrTeamCol,ROW(),1),teamINI,0))+INDEX(statID,MATCH(INDEX(ovrHeaderRow,1,COLUMN()),statAbbr,0),1),rawLookup,0)) -> 10.6 | AF12: 70.5 | AG12: =(X12-U12-F12*3)/2 -> 18.3 | AH12: =(AG12+F12)*100/Q12 -> 59.917355
A13: GONZ | B13: 5 | C13: 3 | D13: SEASON | E13: =INDEX(rawValue,MATCH(INDEX(teamID,MATCH(INDEX(ovrTeamCol,ROW(),1),teamINI,0))+INDEX(statID,MATCH(INDEX(ovrHeaderRow,1,COLUMN()),statAbbr,0),1),rawLookup,0)) -> 33.6 | F13: =INDEX(rawValue,MATCH(INDEX(teamID,MATCH(INDEX(ovrTeamCol,ROW(),1),teamINI,0))+INDEX(statID,MATCH(INDEX(ovrHeaderRow,1,COLUMN()),statAbbr,0),1),rawLookup,0)) -> 6.9 | G13: =INDEX(rawValue,MATCH(INDEX(teamID,MATCH(INDEX(ovrTeamCol,ROW(),1),teamINI,0))+INDEX(statID,MATCH(INDEX(ovrHeaderRow,1,COLUMN()),statAbbr,0),1),rawLookup,0)) -> 36.1 | H13: =INDEX(rawValue,MATCH(INDEX(teamID,MATCH(INDEX(ovrTeamCol,ROW(),1),teamINI,0))+INDEX(statID,MATCH(INDEX(ovrHeaderRow,1,COLUMN()),statAbbr,0),1),rawLookup,0)) -> 19.3 | I13: =INDEX(rawValue,MATCH(INDEX(teamID,MATCH(INDEX(ovrTeamCol,ROW(),1),teamINI,0))+INDEX(statID,MATCH(INDEX(ovrHeaderRow,1,COLUMN()),statAbbr,0),1),rawLookup,0)) -> 1.71 | J13: =INDEX(rawValue,MATCH(INDEX(teamID,MATCH(INDEX(ovrTeamCol,ROW(),1),teamINI,0))+INDEX(statID,MATCH(INDEX(ovrHeaderRow,1,COLUMN()),statAbbr,0),1),rawLookup,0)) -> 16.7 | K13: =INDEX(rawValue,MATCH(INDEX(teamID,MATCH(INDEX(ovrTeamCol,ROW(),1),teamINI,0))+INDEX(statID,MATCH(INDEX(ovrHeaderRow,1,COLUMN()),statAbbr,0),1),rawLookup,0)) -> 18.71 | L13: =INDEX(rawValue,MATCH(INDEX(teamID,MATCH(INDEX(ovrTeamCol,ROW(),1),teamINI,0))+INDEX(statID,MATCH(INDEX(ovrHeaderRow,1,COLUMN()),statAbbr,0),1),rawLookup,0)) -> 3.9 | ... AE13: =INDEX(rawValue,MATCH(INDEX(teamID,MATCH(INDEX(ovrTeamCol,ROW(),1),teamINI,0))+INDEX(statID,MATCH(INDEX(ovrHeaderRow,1,COLUMN()),statAbbr,0),1),rawLookup,0)) -> 9.8 | AF13: 70.7 | AG13: =(X13-U13-F13*3)/2 -> 25.1 | AH13: =(AG13+F13)*100/Q13 -> 61.776062
... A69: WKU | B69: 15 | C69: 1 | D69: SEASON | E69: =INDEX(rawValue,MATCH(INDEX(teamID,MATCH(INDEX(ovrTeamCol,ROW(),1),teamINI,0))+INDEX(statID,MATCH(INDEX(ovrHeaderRow,1,COLUMN()),statAbbr,0),1),rawLookup,0)) -> 31.8 | F69: =INDEX(rawValue,MATCH(INDEX(teamID,MATCH(INDEX(ovrTeamCol,ROW(),1),teamINI,0))+INDEX(statID,MATCH(INDEX(ovrHeaderRow,1,COLUMN()),statAbbr,0),1),rawLookup,0)) -> 6.9 | G69: =INDEX(rawValue,MATCH(INDEX(teamID,MATCH(INDEX(ovrTeamCol,ROW(),1),teamINI,0))+INDEX(statID,MATCH(INDEX(ovrHeaderRow,1,COLUMN()),statAbbr,0),1),rawLookup,0)) -> 34 | H69: =INDEX(rawValue,MATCH(INDEX(teamID,MATCH(INDEX(ovrTeamCol,ROW(),1),teamINI,0))+INDEX(statID,MATCH(INDEX(ovrHeaderRow,1,COLUMN()),statAbbr,0),1),rawLookup,0)) -> 20.2 | I69: =INDEX(rawValue,MATCH(INDEX(teamID,MATCH(INDEX(ovrTeamCol,ROW(),1),teamINI,0))+INDEX(statID,MATCH(INDEX(ovrHeaderRow,1,COLUMN()),statAbbr,0),1),rawLookup,0)) -> 0.97 | J69: =INDEX(rawValue,MATCH(INDEX(teamID,MATCH(INDEX(ovrTeamCol,ROW(),1),teamINI,0))+INDEX(statID,MATCH(INDEX(ovrHeaderRow,1,COLUMN()),statAbbr,0),1),rawLookup,0)) -> 13.4 | K69: =INDEX(rawValue,MATCH(INDEX(teamID,MATCH(INDEX(ovrTeamCol,ROW(),1),teamINI,0))+INDEX(statID,MATCH(INDEX(ovrHeaderRow,1,COLUMN()),statAbbr,0),1),rawLookup,0)) -> 28.79 | L69: =INDEX(rawValue,MATCH(INDEX(teamID,MATCH(INDEX(ovrTeamCol,ROW(),1),teamINI,0))+INDEX(statID,MATCH(INDEX(ovrHeaderRow,1,COLUMN()),statAbbr,0),1),rawLookup,0)) -> 3.2 | ... AE69: =INDEX(rawValue,MATCH(INDEX(teamID,MATCH(INDEX(ovrTeamCol,ROW(),1),teamINI,0))+INDEX(statID,MATCH(INDEX(ovrHeaderRow,1,COLUMN()),statAbbr,0),1),rawLookup,0)) -> 13.8 | AF69: 77.2 | AG69: =(X69-U69-F69*3)/2 -> 22.35 | AH69: =(AG69+F69)*100/Q69 -> 62.76824

Sheet Raw 2024 Season
A2: =IF(NOT(D2=""),INDEX(statAbbr,MATCH(D2,statOfficial,0),1),A1) -> #N/A | B2: =INDEX(statID,MATCH(A2,statAbbr,0),1)+INDEX(teamID,MATCH(E2,teamRawName,0)) -> #N/A | D2: Statistic | E2: Team | F2: National | G2: Conference | H2: Value | I2: National Leader | J2: Value
A3: =IF(NOT(D3=""),INDEX(statAbbr,MATCH(D3,statOfficial,0),1),A2) -> #N/A | B3: =INDEX(statID,MATCH(A3,statAbbr,0),1)+INDEX(teamID,MATCH(E3,teamRawName,0)) -> #N/A | F3: Rank | G3: Rank
A4: =IF(NOT(D4=""),INDEX(statAbbr,MATCH(D4,statOfficial,0),1),A3) -> A:T | B4: =INDEX(statID,MATCH(A4,statAbbr,0),1)+INDEX(teamID,MATCH(E4,teamRawName,0)) -> 2305 | D4: Assist/Turnover Ratio (351 ranked) | E4: UConn | F4: 1 | G4: 1 | H4: 1.95 | I4: UConn | J4: 1.95
A5: =IF(NOT(D5=""),INDEX(statAbbr,MATCH(D5,statOfficial,0),1),A4) -> A:T | B5: =INDEX(statID,MATCH(A5,statAbbr,0),1)+INDEX(teamID,MATCH(E5,teamRawName,0)) -> 2605 | E5: Virginia | F5: 2 | G5: 1 | H5: 1.86
A6: =IF(NOT(D6=""),INDEX(statAbbr,MATCH(D6,statOfficial,0),1),A5) -> A:T | B6: =INDEX(statID,MATCH(A6,statAbbr,0),1)+INDEX(teamID,MATCH(E6,teamRawName,0)) -> 6205 | E6: Northwestern | F6: 5 | G6: 2 | H6: 1.77
A7: =IF(NOT(D7=""),INDEX(statAbbr,MATCH(D7,statOfficial,0),1),A6) -> A:T | B7: =INDEX(statID,MATCH(A7,statAbbr,0),1)+INDEX(teamID,MATCH(E7,teamRawName,0)) -> 2705 | E7: BYU | F7: 6 | G7: 1 | H7: 1.73
A8: =IF(NOT(D8=""),INDEX(statAbbr,MATCH(D8,statOfficial,0),1),A7) -> A:T | B8: =INDEX(statID,MATCH(A8,statAbbr,0),1)+INDEX(teamID,MATCH(E8,teamRawName,0)) -> 1305 | E8: Colorado St. | F8: 7 | G8: 1 | H8: 1.72
A9: =IF(NOT(D9=""),INDEX(statAbbr,MATCH(D9,statOfficial,0),1),A8) -> A:T | B9: =INDEX(statID,MATCH(A9,statAbbr,0),1)+INDEX(teamID,MATCH(E9,teamRawName,0)) -> 4405 | E9: Gonzaga | F9: 8 | G9: 1 | H9: 1.71
A10: =IF(NOT(D10=""),INDEX(statAbbr,MATCH(D10,statOfficial,0),1),A9) -> A:T | B10: =INDEX(statID,MATCH(A10,statAbbr,0),1)+INDEX(teamID,MATCH(E10,teamRawName,0)) -> 4505 | E10: Auburn | F10: 9 | G10: 1 | H10: 1.66
A11: =IF(NOT(D11=""),INDEX(statAbbr,MATCH(D11,statOfficial,0),1),A10) -> A:T | B11: =INDEX(statID,MATCH(A11,statAbbr,0),1)+INDEX(teamID,MATCH(E11,teamRawName,0)) -> 9505 | E11: Drake | F11: 10 | G11: 1 | H11: 1.66
A12: =IF(NOT(D12=""),INDEX(statAbbr,MATCH(D12,statOfficial,0),1),A11) -> A:T | B12: =INDEX(statID,MATCH(A12,statAbbr,0),1)+INDEX(teamID,MATCH(E12,teamRawName,0)) -> 5505 | E12: Kentucky | F12: 11 | G12: 2 | H12: 1.64
A13: =IF(NOT(D13=""),INDEX(statAbbr,MATCH(D13,statOfficial,0),1),A12) -> A:T | B13: =INDEX(statID,MATCH(A13,statAbbr,0),1)+INDEX(teamID,MATCH(E13,teamRawName,0)) -> 3505 | E13: Tennessee | F13: 12 | G13: 3 | H13: 1.63
A14: =IF(NOT(D14=""),INDEX(statAbbr,MATCH(D14,statOfficial,0),1),A13) -> A:T | B14: =INDEX(statID,MATCH(A14,statAbbr,0),1)+INDEX(teamID,MATCH(E14,teamRawName,0)) -> 3905 | E14: Kansas | F14: 13 | G14: 2 | H14: 1.63
A15: =IF(NOT(D15=""),INDEX(statAbbr,MATCH(D15,statOfficial,0),1),A14) -> A:T | B15: =INDEX(statID,MATCH(A15,statAbbr,0),1)+INDEX(teamID,MATCH(E15,teamRawName,0)) -> 3005 | E15: Purdue | F15: 14 | G15: 3 | H15: 1.63
A16: =IF(NOT(D16=""),INDEX(statAbbr,MATCH(D16,statOfficial,0),1),A15) -> A:T | B16: =INDEX(statID,MATCH(A16,statAbbr,0),1)+INDEX(teamID,MATCH(E16,teamRawName,0)) -> 905 | E16: Michigan St. | F16: 15 | G16: 4 | H16: 1.59
... A71: =IF(NOT(D71=""),INDEX(statAbbr,MATCH(D71,statOfficial,0),1),A70) -> A:T | B71: =INDEX(statID,MATCH(A71,statAbbr,0),1)+INDEX(teamID,MATCH(E71,teamRawName,0)) -> 11905 | E71: Grambling | F71: 342 | G71: 10 | H71: 0.75
A72: =IF(NOT(D72=""),INDEX(statAbbr,MATCH(D72,statOfficial,0),1),A71) -> APG | B72: =INDEX(statID,MATCH(A72,statAbbr,0),1)+INDEX(teamID,MATCH(E72,teamRawName,0)) -> 3906 | D72: Assists Per Game (351 ranked) | E72: Kansas | F72: 1 | G72: 1 | H72: 19 | I72: Kansas | J72: 19
A73: =IF(NOT(D73=""),INDEX(statAbbr,MATCH(D73,statOfficial,0),1),A72) -> APG | B73: =INDEX(statID,MATCH(A73,statAbbr,0),1)+INDEX(teamID,MATCH(E73,teamRawName,0)) -> 2306 | E73: UConn | F73: 2 | G73: 1 | H73: 18.7
A74: =IF(NOT(D74=""),INDEX(statAbbr,MATCH(D74,statOfficial,0),1),A73) -> APG | B74: =INDEX(statID,MATCH(A74,statAbbr,0),1)+INDEX(teamID,MATCH(E74,teamRawName,0)) -> 2706 | E74: BYU | F74: 3 | G74: 2 | H74: 18.5
A75: =IF(NOT(D75=""),INDEX(statAbbr,MATCH(D75,statOfficial,0),1),A74) -> APG | B75: =INDEX(statID,MATCH(A75,statAbbr,0),1)+INDEX(teamID,MATCH(E75,teamRawName,0)) -> 2906 | E75: Arizona | F75: 4 | G75: 1 | H75: 18.5
A76: =IF(NOT(D76=""),INDEX(statAbbr,MATCH(D76,statOfficial,0),1),A75) -> APG | B76: =INDEX(statID,MATCH(A76,statAbbr,0),1)+INDEX(teamID,MATCH(E76,teamRawName,0)) -> 3006 | E76: Purdue | F76: 5 | G76: 1 | H76: 18.5
A77: =IF(NOT(D77=""),INDEX(statAbbr,MATCH(D77,statOfficial,0),1),A76) -> APG | B77: =INDEX(statID,MATCH(A77,statAbbr,0),1)+INDEX(teamID,MATCH(E77,teamRawName,0)) -> 1306 | E77: Colorado St. | F77: 7 | G77: 1 | H77: 18
A78: =IF(NOT(D78=""),INDEX(statAbbr,MATCH(D78,statOfficial,0),1),A77) -> APG | B78: =INDEX(statID,MATCH(A78,statAbbr,0),1)+INDEX(teamID,MATCH(E78,teamRawName,0)) -> 4506 | E78: Auburn | F78: 10 | G78: 1 | H78: 17.8
A79: =IF(NOT(D79=""),INDEX(statAbbr,MATCH(D79,statOfficial,0),1),A78) -> APG | B79: =INDEX(statID,MATCH(A79,statAbbr,0),1)+INDEX(teamID,MATCH(E79,teamRawName,0)) -> 9906 | E79: Samford | F79: 11 | G79: 1 | H79: 17.7
A80: =IF(NOT(D80=""),INDEX(statAbbr,MATCH(D80,statOfficial,0),1),A79) -> APG | B80: =INDEX(statID,MATCH(A80,statAbbr,0),1)+INDEX(teamID,MATCH(E80,teamRawName,0)) -> 5506 | E80: Kentucky | F80: 14 | G80: 2 | H80: 17.5
A81: =IF(NOT(D81=""),INDEX(statAbbr,MATCH(D81,statOfficial,0),1),A80) -> APG | B81: =INDEX(statID,MATCH(A81,statAbbr,0),1)+INDEX(teamID,MATCH(E81,teamRawName,0)) -> 5606 | E81: TCU | F81: 17 | G81: 3 | H81: 16.9
A82: =IF(NOT(D82=""),INDEX(statAbbr,MATCH(D82,statOfficial,0),1),A81) -> APG | B82: =INDEX(statID,MATCH(A82,statAbbr,0),1)+INDEX(teamID,MATCH(E82,teamRawName,0)) -> 3106 | E82: Creighton | F82: 18 | G82: 2 | H82: 16.8
A83: =IF(NOT(D83=""),INDEX(statAbbr,MATCH(D83,statOfficial,0),1),A82) -> APG | B83: =INDEX(statID,MATCH(A83,statAbbr,0),1)+INDEX(teamID,MATCH(E83,teamRawName,0)) -> 4406 | E83: Gonzaga | F83: 19 | G83: 1 | H83: 16.7
A84: =IF(NOT(D84=""),INDEX(statAbbr,MATCH(D84,statOfficial,0),1),A83) -> APG | B84: =INDEX(statID,MATCH(A84,statAbbr,0),1)+INDEX(teamID,MATCH(E84,teamRawName,0)) -> 3506 | E84: Tennessee | F84: 20 | G84: 3 | H84: 16.7
... A139: =IF(NOT(D139=""),INDEX(statAbbr,MATCH(D139,statOfficial,0),1),A138) -> APG | B139: =INDEX(statID,MATCH(A139,statAbbr,0),1)+INDEX(teamID,MATCH(E139,teamRawName,0)) -> 11906 | E139: Grambling | F139: 346 | G139: 11 | H139: 9.8
A140: =IF(NOT(D140=""),INDEX(statAbbr,MATCH(D140,statOfficial,0),1),A139) -> Bench | B140: =INDEX(statID,MATCH(A140,statAbbr,0),1)+INDEX(teamID,MATCH(E140,teamRawName,0)) -> 4507 | D140: Bench Points per game (351 ranked) | E140: Auburn | F140: 4 | G140: 1 | H140: 33.71 | I140: Cornell | J140: 36.03
A141: =IF(NOT(D141=""),INDEX(statAbbr,MATCH(D141,statOfficial,0),1),A140) -> Bench | B141: =INDEX(statID,MATCH(A141,statAbbr,0),1)+INDEX(teamID,MATCH(E141,teamRawName,0)) -> 2707 | E141: BYU | F141: 5 | G141: 1 | H141: 33.5
A142: =IF(NOT(D142=""),INDEX(statAbbr,MATCH(D142,statOfficial,0),1),A141) -> Bench | B142: =INDEX(statID,MATCH(A142,statAbbr,0),1)+INDEX(teamID,MATCH(E142,teamRawName,0)) -> 9907 | E142: Samford | F142: 6 | G142: 1 | H142: 33.29
A143: =IF(NOT(D143=""),INDEX(statAbbr,MATCH(D143,statOfficial,0),1),A142) -> Bench | B143: =INDEX(statID,MATCH(A143,statAbbr,0),1)+INDEX(teamID,MATCH(E143,teamRawName,0)) -> 5507 | E143: Kentucky | F143: 7 | G143: 2 | H143: 32.61
A144: =IF(NOT(D144=""),INDEX(statAbbr,MATCH(D144,statOfficial,0),1),A143) -> Bench | B144: =INDEX(statID,MATCH(A144,statAbbr,0),1)+INDEX(teamID,MATCH(E144,teamRawName,0)) -> 11507 | E144: Col. of Charleston | F144: 11 | G144: 1 | H144: 30.06
A145: =IF(NOT(D145=""),INDEX(statAbbr,MATCH(D145,statOfficial,0),1),A144) -> Bench | B145: =INDEX(statID,MATCH(A145,statAbbr,0),1)+INDEX(teamID,MATCH(E145,teamRawName,0)) -> 12107 | E145: Western Ky. | F145: 18 | G145: 2 | H145: 28.79
A146: =IF(NOT(D146=""),INDEX(statAbbr,MATCH(D146,statOfficial,0),1),A145) -> Bench | B146: =INDEX(statID,MATCH(A146,statAbbr,0),1)+INDEX(teamID,MATCH(E146,teamRawName,0)) -> 5607 | E146: TCU | F146: 28 | G146: 2 | H146: 26.94
A147: =IF(NOT(D147=""),INDEX(statAbbr,MATCH(D147,statOfficial,0),1),A146) -> Bench | B147: =INDEX(statID,MATCH(A147,statAbbr,0),1)+INDEX(teamID,MATCH(E147,teamRawName,0)) -> 11407 | E147: Longwood | F147: 29 | G147: 1 | H147: 26.91
A148: =IF(NOT(D148=""),INDEX(statAbbr,MATCH(D148,statOfficial,0),1),A147) -> Bench | B148: =INDEX(statID,MATCH(A148,statAbbr,0),1)+INDEX(teamID,MATCH(E148,teamRawName,0)) -> 207 | E148: McNeese | F148: 38 | G148: 3 | H148: 25.65
A149: =IF(NOT(D149=""),INDEX(statAbbr,MATCH(D149,statOfficial,0),1),A148) -> Bench | B149: =INDEX(statID,MATCH(A149,statAbbr,0),1)+INDEX(teamID,MATCH(E149,teamRawName,0)) -> 1607 | E149: Mississippi St. | F149: 40 | G149: 6 | H149: 25.57
A150: =IF(NOT(D150=""),INDEX(statAbbr,MATCH(D150,statOfficial,0),1),A149) -> Bench | B150: =INDEX(statID,MATCH(A150,statAbbr,0),1)+INDEX(teamID,MATCH(E150,teamRawName,0)) -> 3707 | E150: Alabama | F150: 47 | G150: 7 | H150: 25.11
A151: =IF(NOT(D151=""),INDEX(statAbbr,MATCH(D151,statOfficial,0),1),A150) -> Bench | B151: =INDEX(statID,MATCH(A151,statAbbr,0),1)+INDEX(teamID,MATCH(E151,teamRawName,0)) -> 8407 | E151: Colgate | F151: 54 | G151: 1 | H151: 24.49
A152: =IF(NOT(D152=""),INDEX(statAbbr,MATCH(D152,statOfficial,0),1),A151) -> Bench | B152: =INDEX(statID,MATCH(A152,statAbbr,0),1)+INDEX(teamID,MATCH(E152,teamRawName,0)) -> 4807 | E152: James Madison | F152: 69 | G152: 5 | H152: 23.75
... A207: =IF(NOT(D207=""),INDEX(statAbbr,MATCH(D207,statOfficial,0),1),A206) -> Bench | B207: =INDEX(statID,MATCH(A207,statAbbr,0),1)+INDEX(teamID,MATCH(E207,teamRawName,0)) -> 3107 | E207: Creighton | F207: 347 | G207: 11 | H207: 10.49
A208: =IF(NOT(D208=""),INDEX(statAbbr,MATCH(D208,statOfficial,0),1),A207) -> BPG | B208: =INDEX(statID,MATCH(A208,statAbbr,0),1)+INDEX(teamID,MATCH(E208,teamRawName,0)) -> 5508 | D208: Blocks Per Game (351 ranked) | E208: Kentucky | F208: 3 | G208: 1 | H208: 6.3 | I208: App State | J208: 6.8
A209: =IF(NOT(D209=""),INDEX(statAbbr,MATCH(D209,statOfficial,0),1),A208) -> BPG | B209: =INDEX(statID,MATCH(A209,statAbbr,0),1)+INDEX(teamID,MATCH(E209,teamRawName,0)) -> 4508 | E209: Auburn | F209: 4 | G209: 2 | H209: 6.1
A210: =IF(NOT(D210=""),INDEX(statAbbr,MATCH(D210,statOfficial,0),1),A209) -> BPG | B210: =INDEX(statID,MATCH(A210,statAbbr,0),1)+INDEX(teamID,MATCH(E210,teamRawName,0)) -> 5808 | E210: Grand Canyon | F210: 9 | G210: 1 | H210: 5.5
A211: =IF(NOT(D211=""),INDEX(statAbbr,MATCH(D211,statOfficial,0),1),A210) -> BPG | B211: =INDEX(statID,MATCH(A211,statAbbr,0),1)+INDEX(teamID,MATCH(E211,teamRawName,0)) -> 2308 | E211: UConn | F211: 11 | G211: 2 | H211: 5.4
A212: =IF(NOT(D212=""),INDEX(statAbbr,MATCH(D212,statOfficial,0),1),A211) -> BPG | B212: =INDEX(statID,MATCH(A212,statAbbr,0),1)+INDEX(teamID,MATCH(E212,teamRawName,0)) -> 5708 | E212: Florida | F212: 13 | G212: 5 | H212: 5.3
A213: =IF(NOT(D213=""),INDEX(statAbbr,MATCH(D213,statOfficial,0),1),A212) -> BPG | B213: =INDEX(statID,MATCH(A213,statAbbr,0),1)+INDEX(teamID,MATCH(E213,teamRawName,0)) -> 2608 | E213: Virginia | F213: 20 | G213: 1 | H213: 5
A214: =IF(NOT(D214=""),INDEX(statAbbr,MATCH(D214,statOfficial,0),1),A213) -> BPG | B214: =INDEX(statID,MATCH(A214,statAbbr,0),1)+INDEX(teamID,MATCH(E214,teamRawName,0)) -> 4708 | E214: New Mexico | F214: 21 | G214: 1 | H214: 4.9
A215: =IF(NOT(D215=""),INDEX(statAbbr,MATCH(D215,statOfficial,0),1),A214) -> BPG | B215: =INDEX(statID,MATCH(A215,statAbbr,0),1)+INDEX(teamID,MATCH(E215,teamRawName,0)) -> 10308 | E215: Washington St. | F215: 23 | G215: 2 | H215: 4.9
A216: =IF(NOT(D216=""),INDEX(statAbbr,MATCH(D216,statOfficial,0),1),A215) -> BPG | B216: =INDEX(statID,MATCH(A216,statAbbr,0),1)+INDEX(teamID,MATCH(E216,teamRawName,0)) -> 2808 | E216: Houston | F216: 31 | G216: 2 | H216: 4.8
A217: =IF(NOT(D217=""),INDEX(statAbbr,MATCH(D217,statOfficial,0),1),A216) -> BPG | B217: =INDEX(statID,MATCH(A217,statAbbr,0),1)+INDEX(teamID,MATCH(E217,teamRawName,0)) -> 3508 | E217: Tennessee | F217: 36 | G217: 7 | H217: 4.6
A218: =IF(NOT(D218=""),INDEX(statAbbr,MATCH(D218,statOfficial,0),1),A217) -> BPG | B218: =INDEX(statID,MATCH(A218,statAbbr,0),1)+INDEX(teamID,MATCH(E218,teamRawName,0)) -> 1508 | E218: Morehead St. | F218: 39 | G218: 3 | H218: 4.6
A219: =IF(NOT(D219=""),INDEX(statAbbr,MATCH(D219,statOfficial,0),1),A218) -> BPG | B219: =INDEX(statID,MATCH(A219,statAbbr,0),1)+INDEX(teamID,MATCH(E219,teamRawName,0)) -> 12708 | E219: UAB | F219: 41 | G219: 2 | H219: 4.5
A220: =IF(NOT(D220=""),INDEX(statAbbr,MATCH(D220,statOfficial,0),1),A219) -> BPG | B220: =INDEX(statID,MATCH(A220,statAbbr,0),1)+INDEX(teamID,MATCH(E220,teamRawName,0)) -> 6708 | E220: Texas | F220: 54 | G220: 4 | H220: 4.4
... A275: =IF(NOT(D275=""),INDEX(statAbbr,MATCH(D275,statOfficial,0),1),A274) -> BPG | B275: =INDEX(statID,MATCH(A275,statAbbr,0),1)+INDEX(teamID,MATCH(E275,teamRawName,0)) -> 9508 | E275: Drake | F275: 349 | G275: 12 | H275: 1.6
A276: =IF(NOT(D276=""),INDEX(statAbbr,MATCH(D276,statOfficial,0),1),A275) -> EFG% | B276: =INDEX(statID,MATCH(A276,statAbbr,0),1)+INDEX(teamID,MATCH(E276,teamRawName,0)) -> 4411 | D276: Effective FG pct (351 ranked) | E276: Gonzaga | F276: 4 | G276: 1 | H276: 0.574 | I276: Indiana St. | J276: 0.6
A277: =IF(NOT(D277=""),INDEX(statAbbr,MATCH(D277,statOfficial,0),1),A276) -> EFG% | B277: =INDEX(statID,MATCH(A277,statAbbr,0),1)+INDEX(teamID,MATCH(E277,teamRawName,0)) -> 3111 | E277: Creighton | F277: 5 | G277: 1 | H277: 0.573
A278: =IF(NOT(D278=""),INDEX(statAbbr,MATCH(D278,statOfficial,0),1),A277) -> EFG% | B278: =INDEX(statID,MATCH(A278,statAbbr,0),1)+INDEX(teamID,MATCH(E278,teamRawName,0)) -> 5511 | E278: Kentucky | F278: 7 | G278: 1 | H278: 0.572
A279: =IF(NOT(D279=""),INDEX(statAbbr,MATCH(D279,statOfficial,0),1),A278) -> EFG% | B279: =INDEX(statID,MATCH(A279,statAbbr,0),1)+INDEX(teamID,MATCH(E279,teamRawName,0)) -> 9911 | E279: Samford | F279: 8 | G279: 1 | H279: 0.571
A280: =IF(NOT(D280=""),INDEX(statAbbr,MATCH(D280,statOfficial,0),1),A279) -> EFG% | B280: =INDEX(statID,MATCH(A280,statAbbr,0),1)+INDEX(teamID,MATCH(E280,teamRawName,0)) -> 2311 | E280: UConn | F280: 10 | G280: 2 | H280: 0.569
A281: =IF(NOT(D281=""),INDEX(statAbbr,MATCH(D281,statOfficial,0),1),A280) -> EFG% | B281: =INDEX(statID,MATCH(A281,statAbbr,0),1)+INDEX(teamID,MATCH(E281,teamRawName,0)) -> 3711 | E281: Alabama | F281: 11 | G281: 2 | H281: 0.563
A282: =IF(NOT(D282=""),INDEX(statAbbr,MATCH(D282,statOfficial,0),1),A281) -> EFG% | B282: =INDEX(statID,MATCH(A282,statAbbr,0),1)+INDEX(teamID,MATCH(E282,teamRawName,0)) -> 5011 | E282: Dayton | F282: 12 | G282: 1 | H282: 0.563
A283: =IF(NOT(D283=""),INDEX(statAbbr,MATCH(D283,statOfficial,0),1),A282) -> EFG% | B283: =INDEX(statID,MATCH(A283,statAbbr,0),1)+INDEX(teamID,MATCH(E283,teamRawName,0)) -> 3211 | E283: Baylor | F283: 13 | G283: 1 | H283: 0.558
A284: =IF(NOT(D284=""),INDEX(statAbbr,MATCH(D284,statOfficial,0),1),A283) -> EFG% | B284: =INDEX(statID,MATCH(A284,statAbbr,0),1)+INDEX(teamID,MATCH(E284,teamRawName,0)) -> 3011 | E284: Purdue | F284: 15 | G284: 1 | H284: 0.558
A285: =IF(NOT(D285=""),INDEX(statAbbr,MATCH(D285,statOfficial,0),1),A284) -> EFG% | B285: =INDEX(statID,MATCH(A285,statAbbr,0),1)+INDEX(teamID,MATCH(E285,teamRawName,0)) -> 1711 | E285: South Dakota St. | F285: 18 | G285: 1 | H285: 0.555
A286: =IF(NOT(D286=""),INDEX(statAbbr,MATCH(D286,statOfficial,0),1),A285) -> EFG% | B286: =INDEX(statID,MATCH(A286,statAbbr,0),1)+INDEX(teamID,MATCH(E286,teamRawName,0)) -> 6311 | E286: Colorado | F286: 20 | G286: 1 | H286: 0.554
A287: =IF(NOT(D287=""),INDEX(statAbbr,MATCH(D287,statOfficial,0),1),A286) -> EFG% | B287: =INDEX(statID,MATCH(A287,statAbbr,0),1)+INDEX(teamID,MATCH(E287,teamRawName,0)) -> 211 | E287: McNeese | F287: 23 | G287: 1 | H287: 0.552
A288: =IF(NOT(D288=""),INDEX(statAbbr,MATCH(D288,statOfficial,0),1),A287) -> EFG% | B288: =INDEX(statID,MATCH(A288,statAbbr,0),1)+INDEX(teamID,MATCH(E288,teamRawName,0)) -> 3311 | E288: Marquette | F288: 24 | G288: 3 | H288: 0.55
... A343: =IF(NOT(D343=""),INDEX(statAbbr,MATCH(D343,statOfficial,0),1),A342) -> EFG% | B343: =INDEX(statID,MATCH(A343,statAbbr,0),1)+INDEX(teamID,MATCH(E343,teamRawName,0)) -> 12811 | E343: Saint Peter's | F343: 345 | G343: 11 | H343: 0.446
A344: =IF(NOT(D344=""),INDEX(statAbbr,MATCH(D344,statOfficial,0),1),A343) -> FB | B344: =INDEX(statID,MATCH(A344,statAbbr,0),1)+INDEX(teamID,MATCH(E344,teamRawName,0)) -> 5612 | D344: Fastbreak Points (351 ranked) | E344: TCU | F344: 1 | G344: 1 | H344: 17.79 | I344: TCU | J344: 17.79
A345: =IF(NOT(D345=""),INDEX(statAbbr,MATCH(D345,statOfficial,0),1),A344) -> FB | B345: =INDEX(statID,MATCH(A345,statAbbr,0),1)+INDEX(teamID,MATCH(E345,teamRawName,0)) -> 2912 | E345: Arizona | F345: 2 | G345: 1 | H345: 16.44
A346: =IF(NOT(D346=""),INDEX(statAbbr,MATCH(D346,statOfficial,0),1),A345) -> FB | B346: =INDEX(statID,MATCH(A346,statAbbr,0),1)+INDEX(teamID,MATCH(E346,teamRawName,0)) -> 5512 | E346: Kentucky | F346: 4 | G346: 1 | H346: 15.42
A347: =IF(NOT(D347=""),INDEX(statAbbr,MATCH(D347,statOfficial,0),1),A346) -> FB | B347: =INDEX(statID,MATCH(A347,statAbbr,0),1)+INDEX(teamID,MATCH(E347,teamRawName,0)) -> 9912 | E347: Samford | F347: 7 | G347: 1 | H347: 15.2
A348: =IF(NOT(D348=""),INDEX(statAbbr,MATCH(D348,statOfficial,0),1),A347) -> FB | B348: =INDEX(statID,MATCH(A348,statAbbr,0),1)+INDEX(teamID,MATCH(E348,teamRawName,0)) -> 4712 | E348: New Mexico | F348: 16 | G348: 1 | H348: 14.64
A349: =IF(NOT(D349=""),INDEX(statAbbr,MATCH(D349,statOfficial,0),1),A348) -> FB | B349: =INDEX(statID,MATCH(A349,statAbbr,0),1)+INDEX(teamID,MATCH(E349,teamRawName,0)) -> 5712 | E349: Florida | F349: 21 | G349: 2 | H349: 14.28
A350: =IF(NOT(D350=""),INDEX(statAbbr,MATCH(D350,statOfficial,0),1),A349) -> FB | B350: =INDEX(statID,MATCH(A350,statAbbr,0),1)+INDEX(teamID,MATCH(E350,teamRawName,0)) -> 912 | E350: Michigan St. | F350: 22 | G350: 2 | H350: 14.09
A351: =IF(NOT(D351=""),INDEX(statAbbr,MATCH(D351,statOfficial,0),1),A350) -> FB | B351: =INDEX(statID,MATCH(A351,statAbbr,0),1)+INDEX(teamID,MATCH(E351,teamRawName,0)) -> 4412 | E351: Gonzaga | F351: 25 | G351: 2 | H351: 13.91
A352: =IF(NOT(D352=""),INDEX(statAbbr,MATCH(D352,statOfficial,0),1),A351) -> FB | B352: =INDEX(statID,MATCH(A352,statAbbr,0),1)+INDEX(teamID,MATCH(E352,teamRawName,0)) -> 3712 | E352: Alabama | F352: 26 | G352: 3 | H352: 13.7
A353: =IF(NOT(D353=""),INDEX(statAbbr,MATCH(D353,statOfficial,0),1),A352) -> FB | B353: =INDEX(statID,MATCH(A353,statAbbr,0),1)+INDEX(teamID,MATCH(E353,teamRawName,0)) -> 4512 | E353: Auburn | F353: 30 | G353: 4 | H353: 13.57
A354: =IF(NOT(D354=""),INDEX(statAbbr,MATCH(D354,statOfficial,0),1),A353) -> FB | B354: =INDEX(statID,MATCH(A354,statAbbr,0),1)+INDEX(teamID,MATCH(E354,teamRawName,0)) -> 212 | E354: McNeese | F354: 33 | G354: 3 | H354: 13.44
A355: =IF(NOT(D355=""),INDEX(statAbbr,MATCH(D355,statOfficial,0),1),A354) -> FB | B355: =INDEX(statID,MATCH(A355,statAbbr,0),1)+INDEX(teamID,MATCH(E355,teamRawName,0)) -> 12112 | E355: Western Ky. | F355: 34 | G355: 2 | H355: 13.41
A356: =IF(NOT(D356=""),INDEX(statAbbr,MATCH(D356,statOfficial,0),1),A355) -> FB | B356: =INDEX(statID,MATCH(A356,statAbbr,0),1)+INDEX(teamID,MATCH(E356,teamRawName,0)) -> 2212 | E356: Fla. Atlantic | F356: 39 | G356: 2 | H356: 13.03
... A411: =IF(NOT(D411=""),INDEX(statAbbr,MATCH(D411,statOfficial,0),1),A410) -> FB | B411: =INDEX(statID,MATCH(A411,statAbbr,0),1)+INDEX(teamID,MATCH(E411,teamRawName,0)) -> 9112 | E411: South Carolina | F411: 343 | G411: 14 | H411: 5.06
A412: =IF(NOT(D412=""),INDEX(statAbbr,MATCH(D412,statOfficial,0),1),A411) -> FG% | B412: =INDEX(statID,MATCH(A412,statAbbr,0),1)+INDEX(teamID,MATCH(E412,teamRawName,0)) -> 4413 | D412: Field Goal Percentage (351 ranked) | E412: Gonzaga | F412: 2 | G412: 1 | H412: 51.8 | I412: Wright St. | J412: 53
A413: =IF(NOT(D413=""),INDEX(statAbbr,MATCH(D413,statOfficial,0),1),A412) -> FG% | B413: =INDEX(statID,MATCH(A413,statAbbr,0),1)+INDEX(teamID,MATCH(E413,teamRawName,0)) -> 2313 | E413: UConn | F413: 5 | G413: 1 | H413: 49.7
A414: =IF(NOT(D414=""),INDEX(statAbbr,MATCH(D414,statOfficial,0),1),A413) -> FG% | B414: =INDEX(statID,MATCH(A414,statAbbr,0),1)+INDEX(teamID,MATCH(E414,teamRawName,0)) -> 5513 | E414: Kentucky | F414: 6 | G414: 1 | H414: 49.5
A415: =IF(NOT(D415=""),INDEX(statAbbr,MATCH(D415,statOfficial,0),1),A414) -> FG% | B415: =INDEX(statID,MATCH(A415,statAbbr,0),1)+INDEX(teamID,MATCH(E415,teamRawName,0)) -> 6313 | E415: Colorado | F415: 7 | G415: 1 | H415: 49.5
A416: =IF(NOT(D416=""),INDEX(statAbbr,MATCH(D416,statOfficial,0),1),A415) -> FG% | B416: =INDEX(statID,MATCH(A416,statAbbr,0),1)+INDEX(teamID,MATCH(E416,teamRawName,0)) -> 1413 | E416: Utah St. | F416: 9 | G416: 1 | H416: 49.1
A417: =IF(NOT(D417=""),INDEX(statAbbr,MATCH(D417,statOfficial,0),1),A416) -> FG% | B417: =INDEX(statID,MATCH(A417,statAbbr,0),1)+INDEX(teamID,MATCH(E417,teamRawName,0)) -> 9913 | E417: Samford | F417: 11 | G417: 1 | H417: 49
A418: =IF(NOT(D418=""),INDEX(statAbbr,MATCH(D418,statOfficial,0),1),A417) -> FG% | B418: =INDEX(statID,MATCH(A418,statAbbr,0),1)+INDEX(teamID,MATCH(E418,teamRawName,0)) -> 3013 | E418: Purdue | F418: 12 | G418: 1 | H418: 48.8
A419: =IF(NOT(D419=""),INDEX(statAbbr,MATCH(D419,statOfficial,0),1),A418) -> FG% | B419: =INDEX(statID,MATCH(A419,statAbbr,0),1)+INDEX(teamID,MATCH(E419,teamRawName,0)) -> 3913 | E419: Kansas | F419: 13 | G419: 1 | H419: 48.8
A420: =IF(NOT(D420=""),INDEX(statAbbr,MATCH(D420,statOfficial,0),1),A419) -> FG% | B420: =INDEX(statID,MATCH(A420,statAbbr,0),1)+INDEX(teamID,MATCH(E420,teamRawName,0)) -> 213 | E420: McNeese | F420: 15 | G420: 1 | H420: 48.7
A421: =IF(NOT(D421=""),INDEX(statAbbr,MATCH(D421,statOfficial,0),1),A420) -> FG% | B421: =INDEX(statID,MATCH(A421,statAbbr,0),1)+INDEX(teamID,MATCH(E421,teamRawName,0)) -> 2913 | E421: Arizona | F421: 19 | G421: 2 | H421: 48.4
A422: =IF(NOT(D422=""),INDEX(statAbbr,MATCH(D422,statOfficial,0),1),A421) -> FG% | B422: =INDEX(statID,MATCH(A422,statAbbr,0),1)+INDEX(teamID,MATCH(E422,teamRawName,0)) -> 1313 | E422: Colorado St. | F422: 20 | G422: 2 | H422: 48.4
A423: =IF(NOT(D423=""),INDEX(statAbbr,MATCH(D423,statOfficial,0),1),A422) -> FG% | B423: =INDEX(statID,MATCH(A423,statAbbr,0),1)+INDEX(teamID,MATCH(E423,teamRawName,0)) -> 3113 | E423: Creighton | F423: 21 | G423: 2 | H423: 48.4
A424: =IF(NOT(D424=""),INDEX(statAbbr,MATCH(D424,statOfficial,0),1),A423) -> FG% | B424: =INDEX(statID,MATCH(A424,statAbbr,0),1)+INDEX(teamID,MATCH(E424,teamRawName,0)) -> 3213 | E424: Baylor | F424: 22 | G424: 2 | H424: 48.3
... A479: =IF(NOT(D479=""),INDEX(statAbbr,MATCH(D479,statOfficial,0),1),A478) -> FG% | B479: =INDEX(statID,MATCH(A479,statAbbr,0),1)+INDEX(teamID,MATCH(E479,teamRawName,0)) -> 12813 | E479: Saint Peter's | F479: 346 | G479: 11 | H479: 39.3
...

Sheet mapping
A1: BPI+ Value | B1: Stats Map | C1: Count Check | D1: ID | E1: INI | H1: BPI+ Name | I1: Stats Category | J1: Stat ID
A2: Miami | B2: Miami (FL) | C2: =COUNTIF(rawTeamCol,B2)+COUNTIF(rawTeamCol2,B2) -> 28 | D2: 100 | E2: MIA | H2: 3PD% | I2: Three Point Percentage Defense (351 ranked) | J2: 1
A3: McNeese | B3: McNeese | C3: =COUNTIF(rawTeamCol,B3)+COUNTIF(rawTeamCol2,B3) -> 28 | D3: 200 | E3: MCN | H3: 3PPG | I3: Three Pointers Per Game (351 ranked) | J3: 2
A4: Ole Miss | B4: Ole Miss | C4: =COUNTIF(rawTeamCol,B4)+COUNTIF(rawTeamCol2,B4) -> 0 | D4: 300 | E4: MISS | H4: 3PT% | I4: Three Point Percentage (351 ranked) | J4: 3
A5: Fort Wayne | B5: Purdue Fort Wayne | C5: =COUNTIF(rawTeamCol,B5)+COUNTIF(rawTeamCol2,B5) -> 0 | D5: 400 | E5: PFW | H5: 3PTA | I5: Three Point Attempts Per Game (351 ranked) | J5: 4
A6: Florida State | B6: Florida St. | C6: =COUNTIF(rawTeamCol,B6)+COUNTIF(rawTeamCol2,B6) -> 0 | D6: 500 | E6: FSU | H6: A:T | I6: Assist/Turnover Ratio (351 ranked) | J6: 5
A7: Iowa State | B7: Iowa St. | C7: =COUNTIF(rawTeamCol,B7)+COUNTIF(rawTeamCol2,B7) -> 56 | D7: 600 | E7: ISU | H7: APG | I7: Assists Per Game (351 ranked) | J7: 6
A8: Kansas State | B8: Kansas St. | C8: =COUNTIF(rawTeamCol,B8)+COUNTIF(rawTeamCol2,B8) -> 28 | D8: 700 | E8: KSU | H8: Bench | I8: Bench Points per game (350 ranked) | J8: 7
A9: Weber State | B9: Weber St. | C9: =COUNTIF(rawTeamCol,B9)+COUNTIF(rawTeamCol2,B9) -> 0 | D9: 800 | E9: WEB | H9: BPG | I9: Blocks Per Game (351 ranked) | J9: 8
A10: Michigan State | B10: Michigan St. | C10: =COUNTIF(rawTeamCol,B10)+COUNTIF(rawTeamCol2,B10) -> 56 | D10: 900 | E10: MSU | H10: DFG% | I10: Field Goal Percentage Defense (351 ranked) | J10: 9
A11: Ohio State | B11: Ohio St. | C11: =COUNTIF(rawTeamCol,B11)+COUNTIF(rawTeamCol2,B11) -> 0 | D11: 1000 | E11: OSU | H11: DRPG | I11: Rebounds (Defensive) Per Game (351 ranked) | J11: 10
A12: Indiana State | B12: Indiana St. | C12: =COUNTIF(rawTeamCol,B12)+COUNTIF(rawTeamCol2,B12) -> 0 | D12: 1100 | E12: INST | H12: EFG% | I12: Effective FG pct (351 ranked) | J12: 11
A13: San Diego State | B13: San Diego St. | C13: =COUNTIF(rawTeamCol,B13)+COUNTIF(rawTeamCol2,B13) -> 56 | D13: 1200 | E13: SDSU | H13: FB | I13: Fastbreak Points (351 ranked) | J13: 12
... A86: Merrimack | B86: Merrimack | C86: =COUNTIF(rawTeamCol,B86)+COUNTIF(rawTeamCol2,B86) -> 0 | D86: 8500 | E86: MRMK | H86: Bench | I86: Bench Points per game (355 ranked) | J86: 7
A87: Iona | B87: Iona | C87: =COUNTIF(rawTeamCol,B87)+COUNTIF(rawTeamCol2,B87) -> 28 | D87: 8600 | E87: IONA
A88: Stanford | B88: Stanford | C88: =COUNTIF(rawTeamCol,B88)+COUNTIF(rawTeamCol2,B88) -> 0 | D88: 8700 | E88: STAN
A89: Howard | B89: Howard | C89: =COUNTIF(rawTeamCol,B89)+COUNTIF(rawTeamCol2,B89) -> 56 | D89: 8800 | E89: HOW
A90: Winthrop | B90: Winthrop | C90: =COUNTIF(rawTeamCol,B90)+COUNTIF(rawTeamCol2,B90) -> 0 | D90: 8900 | E90: WIN
A91: UCLA | B91: UCLA | C91: =COUNTIF(rawTeamCol,B91)+COUNTIF(rawTeamCol2,B91) -> 28 | D91: 9000 | E91: UCLA
A92: South Carolina | B92: South Carolina | C92: =COUNTIF(rawTeamCol,B92)+COUNTIF(rawTeamCol2,B92) -> 28 | D92: 9100 | E92: SC
A93: UCF | B93: UCF | C93: =COUNTIF(rawTeamCol,B93)+COUNTIF(rawTeamCol2,B93) -> 0 | D93: 9200 | E93: UCF
A94: St. John's | B94: St. John's (NY) | C94: =COUNTIF(rawTeamCol,B94)+COUNTIF(rawTeamCol2,B94) -> 0 | D94: 9300 | E94: SJU
A95: Indiana | B95: Indiana | C95: =COUNTIF(rawTeamCol,B95)+COUNTIF(rawTeamCol2,B95) -> 28 | D95: 9400 | E95: IU
A96: Drake | B96: Drake | C96: =COUNTIF(rawTeamCol,B96)+COUNTIF(rawTeamCol2,B96) -> 56 | D96: 9500 | E96: DRKE
A97: San Francisco | B97: San Francisco | C97: =COUNTIF(rawTeamCol,B97)+COUNTIF(rawTeamCol2,B97) -> 0 | D97: 9600 | E97: SF
A98: Drexel | B98: Drexel | C98: =COUNTIF(rawTeamCol,B98)+COUNTIF(rawTeamCol2,B98) -> 0 | D98: 9700 | E98: DREX
... A110: Oakland | B110: Oakland | C110: =COUNTIF(rawTeamCol,B110)+COUNTIF(rawTeamCol2,B110) -> 28 | D110: 10900 | E110: OAK
A111: Quinnipiac | B111: Quinnipiac | C111: =COUNTIF(rawTeamCol,B111)+COUNTIF(rawTeamCol2,B111) -> 0 | D111: =D110+100 -> 11000 | E111: QUIN
A112: Maryland | B112: Maryland | C112: =COUNTIF(rawTeamCol,B112)+COUNTIF(rawTeamCol2,B112) -> 28 | D112: =D111+100 -> 11100 | E112: MD
A113: USF | B113: South Fla. | C113: =COUNTIF(rawTeamCol,B113)+COUNTIF(rawTeamCol2,B113) -> 0 | D113: =D112+100 -> 11200 | E113: USF
A114: Stetson | B114: Stetson | C114: =COUNTIF(rawTeamCol,B114)+COUNTIF(rawTeamCol2,B114) -> 28 | D114: =D113+100 -> 11300 | E114: STET
A115: Longwood | B115: Longwood | C115: =COUNTIF(rawTeamCol,B115)+COUNTIF(rawTeamCol2,B115) -> 28 | D115: =D114+100 -> 11400 | E115: LONG
A116: Charleston | B116: Col. of Charleston | C116: =COUNTIF(rawTeamCol,B116)+COUNTIF(rawTeamCol2,B116) -> 56 | D116: =D115+100 -> 11500 | E116: COFC
A117: Wagner | B117: Wagner | C117: =COUNTIF(rawTeamCol,B117)+COUNTIF(rawTeamCol2,B117) -> 28 | D117: =D116+100 -> 11600 | E117: WAG
A118: Montana | B118: Montana | C118: =COUNTIF(rawTeamCol,B118)+COUNTIF(rawTeamCol2,B118) -> 0 | D118: =D117+100 -> 11700 | E118: MONT
A119: Texas Southern | B119: Texas Southern | C119: =COUNTIF(rawTeamCol,B119)+COUNTIF(rawTeamCol2,B119) -> 28 | D119: =D118+100 -> 11800 | E119: TXSO
A120: Grambling | B120: Grambling | C120: =COUNTIF(rawTeamCol,B120)+COUNTIF(rawTeamCol2,B120) -> 28 | D120: =D119+100 -> 11900 | E120: GRAM
A121: Montana State | B121: Montana St. | C121: =COUNTIF(rawTeamCol,B121)+COUNTIF(rawTeamCol2,B121) -> 56 | D121: =D120+100 -> 12000 | E121: MTST
A122: Western Kentucky | B122: Western Ky. | C122: =COUNTIF(rawTeamCol,B122)+COUNTIF(rawTeamCol2,B122) -> 28 | D122: =D121+100 -> 12100 | E122: WKU
... A192: Furman | B192: Furman | C192: =COUNTIF(rawTeamCol,B192)+COUNTIF(rawTeamCol2,B192) -> 28 | D192: =D191+100 -> 19100 | E192: FUR

Sheet Structured 2023
A1: Team | B1: Seed | C1: OPP | D1: GAME ID | E1: 3PD% | F1: 3PPG | G1: 3PT% | H1: 3PTA | I1: A:T | J1: APG | K1: Bench | L1: BPG | M1: DFG% | N1: DRPG | O1: EFG% | P1: FB | Q1: FG% | R1: FPG | S1: FT% | T1: FTA | U1: FTPG | V1: OPPG | W1: ORPG | X1: PPG | Y1: RM | Z1: RPG | AA1: SM | AB1: SPG | AC1: TM | AD1: TOF | AE1: TPG | AF1: POSS | AG1: TARGET POSS | AH1: =CONCATENATE("T1_",'Overall 2023 Reference'!G1) -> T1_3PD% | AI1: =CONCATENATE("T1_",'Overall 2023 Reference'!H1) -> T1_3PPG | AJ1: =CONCATENATE("T1_",'Overall 2023 Reference'!I1) -> T1_3PT% | AK1: =CONCATENATE("T1_",'Overall 2023 Reference'!J1) -> T1_3PTA | AL1: =CONCATENATE("T1_",'Overall 2023 Reference'!K1) -> T1_A:T | AM1: =CONCATENATE("T1_",'Overall 2023 Reference'!L1) -> T1_APG | AN1: =CONCATENATE("T1_",'Overall 2023 Reference'!M1) -> T1_Bench | AO1: =CONCATENATE("T1_",'Overall 2023 Reference'!N1) -> T1_BPG | ... BK1: =CONCATENATE("T1_",'Overall 2023 Reference'!AJ1) -> T1_FGA | BL1: =CONCATENATE("T2_",'Overall 2023 Reference'!G1) -> T2_3PD% | BM1: =CONCATENATE("T2_",'Overall 2023 Reference'!H1) -> T2_3PPG | BN1: =CONCATENATE("T2_",'Overall 2023 Reference'!I1) -> T2_3PT% | BO1: =CONCATENATE("T2_",'Overall 2023 Reference'!J1) -> T2_3PTA | BP1: =CONCATENATE("T2_",'Overall 2023 Reference'!K1) -> T2_A:T | BQ1: =CONCATENATE("T2_",'Overall 2023 Reference'!L1) -> T2_APG | BR1: =CONCATENATE("T2_",'Overall 2023 Reference'!M1) -> T2_Bench | BS1: =CONCATENATE("T2_",'Overall 2023 Reference'!N1) -> T2_BPG | ... CO1: =CONCATENATE("T2_",'Overall 2023 Reference'!AJ1) -> T2_FGA
A2: SEMO | B2: 16 | C2: AMCC | D2: 1 | E2: =G3 -> 22.222222 | F2: 8 | G2: =F2/H2*100 -> 30.769231 | H2: 26 | I2: =J2/AE2 -> 1.4166667 | J2: 17 | K2: 16 | L2: 2 | M2: =Q3 -> 38.6 | N2: 24 | O2: =((X2-F2*3-U2)/2+F2*1.5)/(((X2-F2*3-U2)/2+F2)/(G2/100)) -> 0.35327635 | P2: 4 | Q2: 47.4 | R2: 31 | S2: =U2/T2*100 -> 45 | T2: 20 | U2: 9 | V2: =X3 -> 75 | W2: 6 | X2: 71 | Y2: =Z2-Z3 -> -15 | Z2: =W2+N2 -> 30 | AA2: =X2-V2 -> -4 | AB2: 11 | AC2: =AD2-AE2 -> 2 | AD2: =AE3 -> 14 | AE2: 12 | AF2: =(ROUND(((X2-U2-3*F2)/2),0)+F2)/Q2*100-W2+AE2+T2*0.475 -> 72.462025 | AG2: =AVERAGE(AF2,AF3) -> 72.540922 | AH2: =INDEX(ovrTable2,MATCH(INDEX(teamCol2,ROW()),ovrTeamCol2,0),MATCH(MID(INDEX(headerRow2,1,COLUMN()),4,LEN(INDEX(headerRow2,1,COLUMN()))),ovrHeaderRow2,0)) -> 34 | AI2: =INDEX(ovrTable2,MATCH(INDEX(teamCol2,ROW()),ovrTeamCol2,0),MATCH(MID(INDEX(headerRow2,1,COLUMN()),4,LEN(INDEX(headerRow2,1,COLUMN()))),ovrHeaderRow2,0)) -> 8.2 | AJ2: =INDEX(ovrTable2,MATCH(INDEX(teamCol2,ROW()),ovrTeamCol2,0),MATCH(MID(INDEX(headerRow2,1,COLUMN()),4,LEN(INDEX(headerRow2,1,COLUMN()))),ovrHeaderRow2,0)) -> 33.3 | AK2: =INDEX(ovrTable2,MATCH(INDEX(teamCol2,ROW()),ovrTeamCol2,0),MATCH(MID(INDEX(headerRow2,1,COLUMN()),4,LEN(INDEX(headerRow2,1,COLUMN()))),ovrHeaderRow2,0)) -> 24.2 | AL2: =INDEX(ovrTable2,MATCH(INDEX(teamCol2,ROW()),ovrTeamCol2,0),MATCH(MID(INDEX(headerRow2,1,COLUMN()),4,LEN(INDEX(headerRow2,1,COLUMN()))),ovrHeaderRow2,0)) -> 1.14 | AM2: =INDEX(ovrTable2,MATCH(INDEX(teamCol2,ROW()),ovrTeamCol2,0),MATCH(MID(INDEX(headerRow2,1,COLUMN()),4,LEN(INDEX(headerRow2,1,COLUMN()))),ovrHeaderRow2,0)) -> 14 | AN2: =INDEX(ovrTable2,MATCH(INDEX(teamCol2,ROW()),ovrTeamCol2,0),MATCH(MID(INDEX(headerRow2,1,COLUMN()),4,LEN(INDEX(headerRow2,1,COLUMN()))),ovrHeaderRow2,0)) -> 22.46 | AO2: =INDEX(ovrTable2,MATCH(INDEX(teamCol2,ROW()),ovrTeamCol2,0),MATCH(MID(INDEX(headerRow2,1,COLUMN()),4,LEN(INDEX(headerRow2,1,COLUMN()))),ovrHeaderRow2,0)) -> 3.2 | ... BK2: =INDEX(ovrTable2,MATCH(INDEX(teamCol2,ROW()),ovrTeamCol2,0),MATCH(MID(INDEX(headerRow2,1,COLUMN()),4,LEN(INDEX(headerRow2,1,COLUMN()))),ovrHeaderRow2,0)) -> 61.818182 | BL2: =INDEX(ovrTable2,MATCH(INDEX(oppCol23,ROW()),ovrTeamCol2,0),MATCH(MID(INDEX(headerRow2,1,COLUMN()),4,LEN(INDEX(headerRow2,1,COLUMN()))),ovrHeaderRow2,0)) -> 33.5 | BM2: =INDEX(ovrTable2,MATCH(INDEX(oppCol23,ROW()),ovrTeamCol2,0),MATCH(MID(INDEX(headerRow2,1,COLUMN()),4,LEN(INDEX(headerRow2,1,COLUMN()))),ovrHeaderRow2,0)) -> 8 | BN2: =INDEX(ovrTable2,MATCH(INDEX(oppCol23,ROW()),ovrTeamCol2,0),MATCH(MID(INDEX(headerRow2,1,COLUMN()),4,LEN(INDEX(headerRow2,1,COLUMN()))),ovrHeaderRow2,0)) -> 36.1 | BO2: =INDEX(ovrTable2,MATCH(INDEX(oppCol23,ROW()),ovrTeamCol2,0),MATCH(MID(INDEX(headerRow2,1,COLUMN()),4,LEN(INDEX(headerRow2,1,COLUMN()))),ovrHeaderRow2,0)) -> 22.2 | BP2: =INDEX(ovrTable2,MATCH(INDEX(oppCol23,ROW()),ovrTeamCol2,0),MATCH(MID(INDEX(headerRow2,1,COLUMN()),4,LEN(INDEX(headerRow2,1,COLUMN()))),ovrHeaderRow2,0)) -> 1.32 | BQ2: =INDEX(ovrTable2,MATCH(INDEX(oppCol23,ROW()),ovrTeamCol2,0),MATCH(MID(INDEX(headerRow2,1,COLUMN()),4,LEN(INDEX(headerRow2,1,COLUMN()))),ovrHeaderRow2,0)) -> 15.9 | BR2: =INDEX(ovrTable2,MATCH(INDEX(oppCol23,ROW()),ovrTeamCol2,0),MATCH(MID(INDEX(headerRow2,1,COLUMN()),4,LEN(INDEX(headerRow2,1,COLUMN()))),ovrHeaderRow2,0)) -> 26.94 | BS2: =INDEX(ovrTable2,MATCH(INDEX(oppCol23,ROW()),ovrTeamCol2,0),MATCH(MID(INDEX(headerRow2,1,COLUMN()),4,LEN(INDEX(headerRow2,1,COLUMN()))),ovrHeaderRow2,0)) -> 1.6 | ... CO2: =INDEX(ovrTable2,MATCH(INDEX(oppCol23,ROW()),ovrTeamCol2,0),MATCH(MID(INDEX(headerRow2,1,COLUMN()),4,LEN(INDEX(headerRow2,1,COLUMN()))),ovrHeaderRow2,0)) -> 63.576159
A3: AMCC | B3: 16 | C3: SEMO | D3: 1 | E3: =G2 -> 30.769231 | F3: 4 | G3: =F3/H3*100 -> 22.222222 | H3: 18 | I3: =J3/AE3 -> 0.71428571 | J3: 10 | K3: 13 | L3: 1 | M3: =Q2 -> 47.4 | N3: 30 | O3: =((X3-F3*3-U3)/2+F3*1.5)/(((X3-F3*3-U3)/2+F3)/(G3/100)) -> 0.24242424 | P3: 14 | Q3: 38.6 | R3: 18 | S3: =U3/T3*100 -> 77.142857 | T3: 35 | U3: 27 | V3: =X2 -> 71 | W3: 15 | X3: 75 | Y3: =Z3-Z2 -> 15 | Z3: =W3+N3 -> 45 | AA3: =X3-V3 -> 4 | AB3: 3 | AC3: =AD3-AE3 -> -2 | AD3: =AE2 -> 12 | AE3: 14 | AF3: =(ROUND(((X3-U3-3*F3)/2),0)+F3)/Q3*100-W3+AE3+T3*0.475 -> 72.619819 | AG3: =AVERAGE(AF2,AF3) -> 72.540922 | AH3: =INDEX(ovrTable2,MATCH(INDEX(teamCol2,ROW()),ovrTeamCol2,0),MATCH(MID(INDEX(headerRow2,1,COLUMN()),4,LEN(INDEX(headerRow2,1,COLUMN()))),ovrHeaderRow2,0)) -> 33.5 | AI3: =INDEX(ovrTable2,MATCH(INDEX(teamCol2,ROW()),ovrTeamCol2,0),MATCH(MID(INDEX(headerRow2,1,COLUMN()),4,LEN(INDEX(headerRow2,1,COLUMN()))),ovrHeaderRow2,0)) -> 8 | AJ3: =INDEX(ovrTable2,MATCH(INDEX(teamCol2,ROW()),ovrTeamCol2,0),MATCH(MID(INDEX(headerRow2,1,COLUMN()),4,LEN(INDEX(headerRow2,1,COLUMN()))),ovrHeaderRow2,0)) -> 36.1 | AK3: =INDEX(ovrTable2,MATCH(INDEX(teamCol2,ROW()),ovrTeamCol2,0),MATCH(MID(INDEX(headerRow2,1,COLUMN()),4,LEN(INDEX(headerRow2,1,COLUMN()))),ovrHeaderRow2,0)) -> 22.2 | AL3: =INDEX(ovrTable2,MATCH(INDEX(teamCol2,ROW()),ovrTeamCol2,0),MATCH(MID(INDEX(headerRow2,1,COLUMN()),4,LEN(INDEX(headerRow2,1,COLUMN()))),ovrHeaderRow2,0)) -> 1.32 | AM3: =INDEX(ovrTable2,MATCH(INDEX(teamCol2,ROW()),ovrTeamCol2,0),MATCH(MID(INDEX(headerRow2,1,COLUMN()),4,LEN(INDEX(headerRow2,1,COLUMN()))),ovrHeaderRow2,0)) -> 15.9 | AN3: =INDEX(ovrTable2,MATCH(INDEX(teamCol2,ROW()),ovrTeamCol2,0),MATCH(MID(INDEX(headerRow2,1,COLUMN()),4,LEN(INDEX(headerRow2,1,COLUMN()))),ovrHeaderRow2,0)) -> 26.94 | AO3: =INDEX(ovrTable2,MATCH(INDEX(teamCol2,ROW()),ovrTeamCol2,0),MATCH(MID(INDEX(headerRow2,1,COLUMN()),4,LEN(INDEX(headerRow2,1,COLUMN()))),ovrHeaderRow2,0)) -> 1.6 | ... BK3: =INDEX(ovrTable2,MATCH(INDEX(teamCol2,ROW()),ovrTeamCol2,0),MATCH(MID(INDEX(headerRow2,1,COLUMN()),4,LEN(INDEX(headerRow2,1,COLUMN()))),ovrHeaderRow2,0)) -> 63.576159 | BL3: =INDEX(ovrTable2,MATCH(INDEX(oppCol23,ROW()),ovrTeamCol2,0),MATCH(MID(INDEX(headerRow2,1,COLUMN()),4,LEN(INDEX(headerRow2,1,COLUMN()))),ovrHeaderRow2,0)) -> 34 | BM3: =INDEX(ovrTable2,MATCH(INDEX(oppCol23,ROW()),ovrTeamCol2,0),MATCH(MID(INDEX(headerRow2,1,COLUMN()),4,LEN(INDEX(headerRow2,1,COLUMN()))),ovrHeaderRow2,0)) -> 8.2 | BN3: =INDEX(ovrTable2,MATCH(INDEX(oppCol23,ROW()),ovrTeamCol2,0),MATCH(MID(INDEX(headerRow2,1,COLUMN()),4,LEN(INDEX(headerRow2,1,COLUMN()))),ovrHeaderRow2,0)) -> 33.3 | BO3: =INDEX(ovrTable2,MATCH(INDEX(oppCol23,ROW()),ovrTeamCol2,0),MATCH(MID(INDEX(headerRow2,1,COLUMN()),4,LEN(INDEX(headerRow2,1,COLUMN()))),ovrHeaderRow2,0)) -> 24.2 | BP3: =INDEX(ovrTable2,MATCH(INDEX(oppCol23,ROW()),ovrTeamCol2,0),MATCH(MID(INDEX(headerRow2,1,COLUMN()),4,LEN(INDEX(headerRow2,1,COLUMN()))),ovrHeaderRow2,0)) -> 1.14 | BQ3: =INDEX(ovrTable2,MATCH(INDEX(oppCol23,ROW()),ovrTeamCol2,0),MATCH(MID(INDEX(headerRow2,1,COLUMN()),4,LEN(INDEX(headerRow2,1,COLUMN()))),ovrHeaderRow2,0)) -> 14 | BR3: =INDEX(ovrTable2,MATCH(INDEX(oppCol23,ROW()),ovrTeamCol2,0),MATCH(MID(INDEX(headerRow2,1,COLUMN()),4,LEN(INDEX(headerRow2,1,COLUMN()))),ovrHeaderRow2,0)) -> 22.46 | BS3: =INDEX(ovrTable2,MATCH(INDEX(oppCol23,ROW()),ovrTeamCol2,0),MATCH(MID(INDEX(headerRow2,1,COLUMN()),4,LEN(INDEX(headerRow2,1,COLUMN()))),ovrHeaderRow2,0)) -> 3.2 | ... CO3: =INDEX(ovrTable2,MATCH(INDEX(oppCol23,ROW()),ovrTeamCol2,0),MATCH(MID(INDEX(headerRow2,1,COLUMN()),4,LEN(INDEX(headerRow2,1,COLUMN()))),ovrHeaderRow2,0)) -> 61.818182
A4: MSST | B4: 11 | C4: PITT | D4: 2 | E4: =G5 -> 47.368421 | F4: 6 | G4: =F4/H4*100 -> 26.086957 | H4: 23 | I4: =J4/AE4 -> 1 | J4: 14 | K4: 6 | L4: 4 | M4: =Q5 -> 38.9 | N4: 31 | O4: =((X4-F4*3-U4)/2+F4*1.5)/(((X4-F4*3-U4)/2+F4)/(G4/100)) -> 0.29347826 | P4: 2 | Q4: 38.1 | R4: 18 | S4: =U4/T4*100 -> 71.428571 | T4: 7 | U4: 5 | V4: =X5 -> 60 | W4: 18 | X4: 59 | Y4: =Z4-Z5 -> 21 | Z4: =W4+N4 -> 49 | AA4: =X4-V4 -> -1 | AB4: 1 | AC4: =AD4-AE4 -> -7 | AD4: =AE5 -> 7 | AE4: 14 | AF4: =(ROUND(((X4-U4-3*F4)/2),0)+F4)/Q4*100-W4+AE4+T4*0.475 -> 62.317126 | AG4: =AVERAGE(AF4,AF5) -> 62.213351 | AH4: =INDEX(ovrTable2,MATCH(INDEX(teamCol2,ROW()),ovrTeamCol2,0),MATCH(MID(INDEX(headerRow2,1,COLUMN()),4,LEN(INDEX(headerRow2,1,COLUMN()))),ovrHeaderRow2,0)) -> 31.7 | AI4: =INDEX(ovrTable2,MATCH(INDEX(teamCol2,ROW()),ovrTeamCol2,0),MATCH(MID(INDEX(headerRow2,1,COLUMN()),4,LEN(INDEX(headerRow2,1,COLUMN()))),ovrHeaderRow2,0)) -> 5.7 | AJ4: =INDEX(ovrTable2,MATCH(INDEX(teamCol2,ROW()),ovrTeamCol2,0),MATCH(MID(INDEX(headerRow2,1,COLUMN()),4,LEN(INDEX(headerRow2,1,COLUMN()))),ovrHeaderRow2,0)) -> 29.3 | AK4: =INDEX(ovrTable2,MATCH(INDEX(teamCol2,ROW()),ovrTeamCol2,0),MATCH(MID(INDEX(headerRow2,1,COLUMN()),4,LEN(INDEX(headerRow2,1,COLUMN()))),ovrHeaderRow2,0)) -> 20.2 | AL4: =INDEX(ovrTable2,MATCH(INDEX(teamCol2,ROW()),ovrTeamCol2,0),MATCH(MID(INDEX(headerRow2,1,COLUMN()),4,LEN(INDEX(headerRow2,1,COLUMN()))),ovrHeaderRow2,0)) -> 1.22 | AM4: =INDEX(ovrTable2,MATCH(INDEX(teamCol2,ROW()),ovrTeamCol2,0),MATCH(MID(INDEX(headerRow2,1,COLUMN()),4,LEN(INDEX(headerRow2,1,COLUMN()))),ovrHeaderRow2,0)) -> 14.7 | AN4: =INDEX(ovrTable2,MATCH(INDEX(teamCol2,ROW()),ovrTeamCol2,0),MATCH(MID(INDEX(headerRow2,1,COLUMN()),4,LEN(INDEX(headerRow2,1,COLUMN()))),ovrHeaderRow2,0)) -> 17.76 | AO4: =INDEX(ovrTable2,MATCH(INDEX(teamCol2,ROW()),ovrTeamCol2,0),MATCH(MID(INDEX(headerRow2,1,COLUMN()),4,LEN(INDEX(headerRow2,1,COLUMN()))),ovrHeaderRow2,0)) -> 3.7 | ... BK4: =INDEX(ovrTable2,MATCH(INDEX(teamCol2,ROW()),ovrTeamCol2,0),MATCH(MID(INDEX(headerRow2,1,COLUMN()),4,LEN(INDEX(headerRow2,1,COLUMN()))),ovrHeaderRow2,0)) -> 55.348259 | BL4: =INDEX(ovrTable2,MATCH(INDEX(oppCol23,ROW()),ovrTeamCol2,0),MATCH(MID(INDEX(headerRow2,1,COLUMN()),4,LEN(INDEX(headerRow2,1,COLUMN()))),ovrHeaderRow2,0)) -> 32.3 | BM4: =INDEX(ovrTable2,MATCH(INDEX(oppCol23,ROW()),ovrTeamCol2,0),MATCH(MID(INDEX(headerRow2,1,COLUMN()),4,LEN(INDEX(headerRow2,1,COLUMN()))),ovrHeaderRow2,0)) -> 8.9 | BN4: =INDEX(ovrTable2,MATCH(INDEX(oppCol23,ROW()),ovrTeamCol2,0),MATCH(MID(INDEX(headerRow2,1,COLUMN()),4,LEN(INDEX(headerRow2,1,COLUMN()))),ovrHeaderRow2,0)) -> 35.9 | BO4: =INDEX(ovrTable2,MATCH(INDEX(oppCol23,ROW()),ovrTeamCol2,0),MATCH(MID(INDEX(headerRow2,1,COLUMN()),4,LEN(INDEX(headerRow2,1,COLUMN()))),ovrHeaderRow2,0)) -> 25.1 | BP4: =INDEX(ovrTable2,MATCH(INDEX(oppCol23,ROW()),ovrTeamCol2,0),MATCH(MID(INDEX(headerRow2,1,COLUMN()),4,LEN(INDEX(headerRow2,1,COLUMN()))),ovrHeaderRow2,0)) -> 1.41 | BQ4: =INDEX(ovrTable2,MATCH(INDEX(oppCol23,ROW()),ovrTeamCol2,0),MATCH(MID(INDEX(headerRow2,1,COLUMN()),4,LEN(INDEX(headerRow2,1,COLUMN()))),ovrHeaderRow2,0)) -> 14.6 | BR4: =INDEX(ovrTable2,MATCH(INDEX(oppCol23,ROW()),ovrTeamCol2,0),MATCH(MID(INDEX(headerRow2,1,COLUMN()),4,LEN(INDEX(headerRow2,1,COLUMN()))),ovrHeaderRow2,0)) -> 16.66 | BS4: =INDEX(ovrTable2,MATCH(INDEX(oppCol23,ROW()),ovrTeamCol2,0),MATCH(MID(INDEX(headerRow2,1,COLUMN()),4,LEN(INDEX(headerRow2,1,COLUMN()))),ovrHeaderRow2,0)) -> 4.1 | ... CO4: =INDEX(ovrTable2,MATCH(INDEX(oppCol23,ROW()),ovrTeamCol2,0),MATCH(MID(INDEX(headerRow2,1,COLUMN()),4,LEN(INDEX(headerRow2,1,COLUMN()))),ovrHeaderRow2,0)) -> 58.129176
A5: PITT | B5: 11 | C5: MSST | D5: 2 | E5: =G4 -> 26.086957 | F5: 9 | G5: =F5/H5*100 -> 47.368421 | H5: 19 | I5: =J5/AE5 -> 1.4285714 | J5: 10 | K5: 11 | L5: 4 | M5: =Q4 -> 38.1 | N5: 22 | O5: =((X5-F5*3-U5)/2+F5*1.5)/(((X5-F5*3-U5)/2+F5)/(G5/100)) -> 0.57518797 | P5: 6 | Q5: 38.9 | R5: 12 | S5: =U5/T5*100 -> 60 | T5: 15 | U5: 9 | V5: =X4 -> 59 | W5: 6 | X5: 60 | Y5: =Z5-Z4 -> -21 | Z5: =W5+N5 -> 28 | AA5: =X5-V5 -> 1 | AB5: 7 | AC5: =AD5-AE5 -> 7 | AD5: =AE4 -> 14 | AE5: 7 | AF5: =(ROUND(((X5-U5-3*F5)/2),0)+F5)/Q5*100-W5+AE5+T5*0.475 -> 62.109576 | AG5: =AVERAGE(AF4,AF5) -> 62.213351 | AH5: =INDEX(ovrTable2,MATCH(INDEX(teamCol2,ROW()),ovrTeamCol2,0),MATCH(MID(INDEX(headerRow2,1,COLUMN()),4,LEN(INDEX(headerRow2,1,COLUMN()))),ovrHeaderRow2,0)) -> 32.3 | AI5: =INDEX(ovrTable2,MATCH(INDEX(teamCol2,ROW()),ovrTeamCol2,0),MATCH(MID(INDEX(headerRow2,1,COLUMN()),4,LEN(INDEX(headerRow2,1,COLUMN()))),ovrHeaderRow2,0)) -> 8.9 | AJ5: =INDEX(ovrTable2,MATCH(INDEX(teamCol2,ROW()),ovrTeamCol2,0),MATCH(MID(INDEX(headerRow2,1,COLUMN()),4,LEN(INDEX(headerRow2,1,COLUMN()))),ovrHeaderRow2,0)) -> 35.9 | AK5: =INDEX(ovrTable2,MATCH(INDEX(teamCol2,ROW()),ovrTeamCol2,0),MATCH(MID(INDEX(headerRow2,1,COLUMN()),4,LEN(INDEX(headerRow2,1,COLUMN()))),ovrHeaderRow2,0)) -> 25.1 | AL5: =INDEX(ovrTable2,MATCH(INDEX(teamCol2,ROW()),ovrTeamCol2,0),MATCH(MID(INDEX(headerRow2,1,COLUMN()),4,LEN(INDEX(headerRow2,1,COLUMN()))),ovrHeaderRow2,0)) -> 1.41 | AM5: =INDEX(ovrTable2,MATCH(INDEX(teamCol2,ROW()),ovrTeamCol2,0),MATCH(MID(INDEX(headerRow2,1,COLUMN()),4,LEN(INDEX(headerRow2,1,COLUMN()))),ovrHeaderRow2,0)) -> 14.6 | AN5: =INDEX(ovrTable2,MATCH(INDEX(teamCol2,ROW()),ovrTeamCol2,0),MATCH(MID(INDEX(headerRow2,1,COLUMN()),4,LEN(INDEX(headerRow2,1,COLUMN()))),ovrHeaderRow2,0)) -> 16.66 | AO5: =INDEX(ovrTable2,MATCH(INDEX(teamCol2,ROW()),ovrTeamCol2,0),MATCH(MID(INDEX(headerRow2,1,COLUMN()),4,LEN(INDEX(headerRow2,1,COLUMN()))),ovrHeaderRow2,0)) -> 4.1 | ... BK5: =INDEX(ovrTable2,MATCH(INDEX(teamCol2,ROW()),ovrTeamCol2,0),MATCH(MID(INDEX(headerRow2,1,COLUMN()),4,LEN(INDEX(headerRow2,1,COLUMN()))),ovrHeaderRow2,0)) -> 58.129176 | BL5: =INDEX(ovrTable2,MATCH(INDEX(oppCol23,ROW()),ovrTeamCol2,0),MATCH(MID(INDEX(headerRow2,1,COLUMN()),4,LEN(INDEX(headerRow2,1,COLUMN()))),ovrHeaderRow2,0)) -> 31.7 | BM5: =INDEX(ovrTable2,MATCH(INDEX(oppCol23,ROW()),ovrTeamCol2,0),MATCH(MID(INDEX(headerRow2,1,COLUMN()),4,LEN(INDEX(headerRow2,1,COLUMN()))),ovrHeaderRow2,0)) -> 5.7 | BN5: =INDEX(ovrTable2,MATCH(INDEX(oppCol23,ROW()),ovrTeamCol2,0),MATCH(MID(INDEX(headerRow2,1,COLUMN()),4,LEN(INDEX(headerRow2,1,COLUMN()))),ovrHeaderRow2,0)) -> 29.3 | BO5: =INDEX(ovrTable2,MATCH(INDEX(oppCol23,ROW()),ovrTeamCol2,0),MATCH(MID(INDEX(headerRow2,1,COLUMN()),4,LEN(INDEX(headerRow2,1,COLUMN()))),ovrHeaderRow2,0)) -> 20.2 | BP5: =INDEX(ovrTable2,MATCH(INDEX(oppCol23,ROW()),ovrTeamCol2,0),MATCH(MID(INDEX(headerRow2,1,COLUMN()),4,LEN(INDEX(headerRow2,1,COLUMN()))),ovrHeaderRow2,0)) -> 1.22 | BQ5: =INDEX(ovrTable2,MATCH(INDEX(oppCol23,ROW()),ovrTeamCol2,0),MATCH(MID(INDEX(headerRow2,1,COLUMN()),4,LEN(INDEX(headerRow2,1,COLUMN()))),ovrHeaderRow2,0)) -> 14.7 | BR5: =INDEX(ovrTable2,MATCH(INDEX(oppCol23,ROW()),ovrTeamCol2,0),MATCH(MID(INDEX(headerRow2,1,COLUMN()),4,LEN(INDEX(headerRow2,1,COLUMN()))),ovrHeaderRow2,0)) -> 17.76 | BS5: =INDEX(ovrTable2,MATCH(INDEX(oppCol23,ROW()),ovrTeamCol2,0),MATCH(MID(INDEX(headerRow2,1,COLUMN()),4,LEN(INDEX(headerRow2,1,COLUMN()))),ovrHeaderRow2,0)) -> 3.7 | ... CO5: =INDEX(ovrTable2,MATCH(INDEX(oppCol23,ROW()),ovrTeamCol2,0),MATCH(MID(INDEX(headerRow2,1,COLUMN()),4,LEN(INDEX(headerRow2,1,COLUMN()))),ovrHeaderRow2,0)) -> 55.348259
A6: NEV | B6: 11 | C6: ASU | D6: 3 | E6: =G7 -> 52.380952 | F6: 11 | G6: =F6/H6*100 -> 52.380952 | H6: 21 | I6: =J6/AE6 -> 1.7272727 | J6: 19 | K6: 19 | L6: 0 | M6: =Q7 -> 63.6 | N6: 20 | O6: =((X6-F6*3-U6)/2+F6*1.5)/(((X6-F6*3-U6)/2+F6)/(G6/100)) -> 0.63904762 | P6: 7 | Q6: 48.1 | R6: 18 | S6: =U6/T6*100 -> 85.714286 | T6: 14 | U6: 12 | V6: =X7 -> 98 | W6: 5 | X6: 73 | Y6: =Z6-Z7 -> -3 | Z6: =W6+N6 -> 25 | AA6: =X6-V6 -> -25 | AB6: 3 | AC6: =AD6-AE6 -> -4 | AD6: =AE7 -> 7 | AE6: 11 | AF6: =(ROUND(((X6-U6-3*F6)/2),0)+F6)/Q6*100-W6+AE6+T6*0.475 -> 64.625052 | AG6: =AVERAGE(AF6,AF7) -> 67.028249 | AH6: =INDEX(ovrTable2,MATCH(INDEX(teamCol2,ROW()),ovrTeamCol2,0),MATCH(MID(INDEX(headerRow2,1,COLUMN()),4,LEN(INDEX(headerRow2,1,COLUMN()))),ovrHeaderRow2,0)) -> 32.5 | AI6: =INDEX(ovrTable2,MATCH(INDEX(teamCol2,ROW()),ovrTeamCol2,0),MATCH(MID(INDEX(headerRow2,1,COLUMN()),4,LEN(INDEX(headerRow2,1,COLUMN()))),ovrHeaderRow2,0)) -> 7.3 | AJ6: =INDEX(ovrTable2,MATCH(INDEX(teamCol2,ROW()),ovrTeamCol2,0),MATCH(MID(INDEX(headerRow2,1,COLUMN()),4,LEN(INDEX(headerRow2,1,COLUMN()))),ovrHeaderRow2,0)) -> 35.5 | AK6: =INDEX(ovrTable2,MATCH(INDEX(teamCol2,ROW()),ovrTeamCol2,0),MATCH(MID(INDEX(headerRow2,1,COLUMN()),4,LEN(INDEX(headerRow2,1,COLUMN()))),ovrHeaderRow2,0)) -> 21.6 | AL6: =INDEX(ovrTable2,MATCH(INDEX(teamCol2,ROW()),ovrTeamCol2,0),MATCH(MID(INDEX(headerRow2,1,COLUMN()),4,LEN(INDEX(headerRow2,1,COLUMN()))),ovrHeaderRow2,0)) -> 1.58 | AM6: =INDEX(ovrTable2,MATCH(INDEX(teamCol2,ROW()),ovrTeamCol2,0),MATCH(MID(INDEX(headerRow2,1,COLUMN()),4,LEN(INDEX(headerRow2,1,COLUMN()))),ovrHeaderRow2,0)) -> 14.9 | AN6: =INDEX(ovrTable2,MATCH(INDEX(teamCol2,ROW()),ovrTeamCol2,0),MATCH(MID(INDEX(headerRow2,1,COLUMN()),4,LEN(INDEX(headerRow2,1,COLUMN()))),ovrHeaderRow2,0)) -> 15.03 | AO6: =INDEX(ovrTable2,MATCH(INDEX(teamCol2,ROW()),ovrTeamCol2,0),MATCH(MID(INDEX(headerRow2,1,COLUMN()),4,LEN(INDEX(headerRow2,1,COLUMN()))),ovrHeaderRow2,0)) -> 3.1 | ... BK6: =INDEX(ovrTable2,MATCH(INDEX(teamCol2,ROW()),ovrTeamCol2,0),MATCH(MID(INDEX(headerRow2,1,COLUMN()),4,LEN(INDEX(headerRow2,1,COLUMN()))),ovrHeaderRow2,0)) -> 55.233853 | BL6: =INDEX(ovrTable2,MATCH(INDEX(oppCol23,ROW()),ovrTeamCol2,0),MATCH(MID(INDEX(headerRow2,1,COLUMN()),4,LEN(INDEX(headerRow2,1,COLUMN()))),ovrHeaderRow2,0)) -> 33.9 | BM6: =INDEX(ovrTable2,MATCH(INDEX(oppCol23,ROW()),ovrTeamCol2,0),MATCH(MID(INDEX(headerRow2,1,COLUMN()),4,LEN(INDEX(headerRow2,1,COLUMN()))),ovrHeaderRow2,0)) -> 7.8 | BN6: =INDEX(ovrTable2,MATCH(INDEX(oppCol23,ROW()),ovrTeamCol2,0),MATCH(MID(INDEX(headerRow2,1,COLUMN()),4,LEN(INDEX(headerRow2,1,COLUMN()))),ovrHeaderRow2,0)) -> 32.8 | BO6: =INDEX(ovrTable2,MATCH(INDEX(oppCol23,ROW()),ovrTeamCol2,0),MATCH(MID(INDEX(headerRow2,1,COLUMN()),4,LEN(INDEX(headerRow2,1,COLUMN()))),ovrHeaderRow2,0)) -> 23.7 | BP6: =INDEX(ovrTable2,MATCH(INDEX(oppCol23,ROW()),ovrTeamCol2,0),MATCH(MID(INDEX(headerRow2,1,COLUMN()),4,LEN(INDEX(headerRow2,1,COLUMN()))),ovrHeaderRow2,0)) -> 1.34 | BQ6: =INDEX(ovrTable2,MATCH(INDEX(oppCol23,ROW()),ovrTeamCol2,0),MATCH(MID(INDEX(headerRow2,1,COLUMN()),4,LEN(INDEX(headerRow2,1,COLUMN()))),ovrHeaderRow2,0)) -> 14.8 | BR6: =INDEX(ovrTable2,MATCH(INDEX(oppCol23,ROW()),ovrTeamCol2,0),MATCH(MID(INDEX(headerRow2,1,COLUMN()),4,LEN(INDEX(headerRow2,1,COLUMN()))),ovrHeaderRow2,0)) -> 17.42 | BS6: =INDEX(ovrTable2,MATCH(INDEX(oppCol23,ROW()),ovrTeamCol2,0),MATCH(MID(INDEX(headerRow2,1,COLUMN()),4,LEN(INDEX(headerRow2,1,COLUMN()))),ovrHeaderRow2,0)) -> 4.5 | ... CO6: =INDEX(ovrTable2,MATCH(INDEX(oppCol23,ROW()),ovrTeamCol2,0),MATCH(MID(INDEX(headerRow2,1,COLUMN()),4,LEN(INDEX(headerRow2,1,COLUMN()))),ovrHeaderRow2,0)) -> 66.035354
A7: ASU | B7: 11 | C7: NEV | D7: 3 | E7: =G6 -> 52.380952 | F7: 11 | G7: =F7/H7*100 -> 52.380952 | H7: 21 | I7: =J7/AE7 -> 3 | J7: 21 | K7: 33 | L7: 4 | M7: =Q6 -> 48.1 | N7: 24 | O7: =((X7-F7*3-U7)/2+F7*1.5)/(((X7-F7*3-U7)/2+F7)/(G7/100)) -> 0.60612245 | P7: 15 | Q7: 63.6 | R7: 17 | S7: =U7/T7*100 -> 70.833333 | T7: 24 | U7: 17 | V7: =X6 -> 73 | W7: 4 | X7: 98 | Y7: =Z7-Z6 -> 3 | Z7: =W7+N7 -> 28 | AA7: =X7-V7 -> 25 | AB7: 5 | AC7: =AD7-AE7 -> 4 | AD7: =AE6 -> 11 | AE7: 7 | AF7: =(ROUND(((X7-U7-3*F7)/2),0)+F7)/Q7*100-W7+AE7+T7*0.475 -> 69.431447 | AG7: =AVERAGE(AF6,AF7) -> 67.028249 | AH7: =INDEX(ovrTable2,MATCH(INDEX(teamCol2,ROW()),ovrTeamCol2,0),MATCH(MID(INDEX(headerRow2,1,COLUMN()),4,LEN(INDEX(headerRow2,1,COLUMN()))),ovrHeaderRow2,0)) -> 33.9 | AI7: =INDEX(ovrTable2,MATCH(INDEX(teamCol2,ROW()),ovrTeamCol2,0),MATCH(MID(INDEX(headerRow2,1,COLUMN()),4,LEN(INDEX(headerRow2,1,COLUMN()))),ovrHeaderRow2,0)) -> 7.8 | AJ7: =INDEX(ovrTable2,MATCH(INDEX(teamCol2,ROW()),ovrTeamCol2,0),MATCH(MID(INDEX(headerRow2,1,COLUMN()),4,LEN(INDEX(headerRow2,1,COLUMN()))),ovrHeaderRow2,0)) -> 32.8 | AK7: =INDEX(ovrTable2,MATCH(INDEX(teamCol2,ROW()),ovrTeamCol2,0),MATCH(MID(INDEX(headerRow2,1,COLUMN()),4,LEN(INDEX(headerRow2,1,COLUMN()))),ovrHeaderRow2,0)) -> 23.7 | AL7: =INDEX(ovrTable2,MATCH(INDEX(teamCol2,ROW()),ovrTeamCol2,0),MATCH(MID(INDEX(headerRow2,1,COLUMN()),4,LEN(INDEX(headerRow2,1,COLUMN()))),ovrHeaderRow2,0)) -> 1.34 | AM7: =INDEX(ovrTable2,MATCH(INDEX(teamCol2,ROW()),ovrTeamCol2,0),MATCH(MID(INDEX(headerRow2,1,COLUMN()),4,LEN(INDEX(headerRow2,1,COLUMN()))),ovrHeaderRow2,0)) -> 14.8 | AN7: =INDEX(ovrTable2,MATCH(INDEX(teamCol2,ROW()),ovrTeamCol2,0),MATCH(MID(INDEX(headerRow2,1,COLUMN()),4,LEN(INDEX(headerRow2,1,COLUMN()))),ovrHeaderRow2,0)) -> 17.42 | AO7: =INDEX(ovrTable2,MATCH(INDEX(teamCol2,ROW()),ovrTeamCol2,0),MATCH(MID(INDEX(headerRow2,1,COLUMN()),4,LEN(INDEX(headerRow2,1,COLUMN()))),ovrHeaderRow2,0)) -> 4.5 | ... BK7: =INDEX(ovrTable2,MATCH(INDEX(teamCol2,ROW()),ovrTeamCol2,0),MATCH(MID(INDEX(headerRow2,1,COLUMN()),4,LEN(INDEX(headerRow2,1,COLUMN()))),ovrHeaderRow2,0)) -> 66.035354 | BL7: =INDEX(ovrTable2,MATCH(INDEX(oppCol23,ROW()),ovrTeamCol2,0),MATCH(MID(INDEX(headerRow2,1,COLUMN()),4,LEN(INDEX(headerRow2,1,COLUMN()))),ovrHeaderRow2,0)) -> 32.5 | BM7: =INDEX(ovrTable2,MATCH(INDEX(oppCol23,ROW()),ovrTeamCol2,0),MATCH(MID(INDEX(headerRow2,1,COLUMN()),4,LEN(INDEX(headerRow2,1,COLUMN()))),ovrHeaderRow2,0)) -> 7.3 | BN7: =INDEX(ovrTable2,MATCH(INDEX(oppCol23,ROW()),ovrTeamCol2,0),MATCH(MID(INDEX(headerRow2,1,COLUMN()),4,LEN(INDEX(headerRow2,1,COLUMN()))),ovrHeaderRow2,0)) -> 35.5 | BO7: =INDEX(ovrTable2,MATCH(INDEX(oppCol23,ROW()),ovrTeamCol2,0),MATCH(MID(INDEX(headerRow2,1,COLUMN()),4,LEN(INDEX(headerRow2,1,COLUMN()))),ovrHeaderRow2,0)) -> 21.6 | BP7: =INDEX(ovrTable2,MATCH(INDEX(oppCol23,ROW()),ovrTeamCol2,0),MATCH(MID(INDEX(headerRow2,1,COLUMN()),4,LEN(INDEX(headerRow2,1,COLUMN()))),ovrHeaderRow2,0)) -> 1.58 | BQ7: =INDEX(ovrTable2,MATCH(INDEX(oppCol23,ROW()),ovrTeamCol2,0),MATCH(MID(INDEX(headerRow2,1,COLUMN()),4,LEN(INDEX(headerRow2,1,COLUMN()))),ovrHeaderRow2,0)) -> 14.9 | BR7: =INDEX(ovrTable2,MATCH(INDEX(oppCol23,ROW()),ovrTeamCol2,0),MATCH(MID(INDEX(headerRow2,1,COLUMN()),4,LEN(INDEX(headerRow2,1,COLUMN()))),ovrHeaderRow2,0)) -> 15.03 | BS7: =INDEX(ovrTable2,MATCH(INDEX(oppCol23,ROW()),ovrTeamCol2,0),MATCH(MID(INDEX(headerRow2,1,COLUMN()),4,LEN(INDEX(headerRow2,1,COLUMN()))),ovrHeaderRow2,0)) -> 3.1 | ... CO7: =INDEX(ovrTable2,MATCH(INDEX(oppCol23,ROW()),ovrTeamCol2,0),MATCH(MID(INDEX(headerRow2,1,COLUMN()),4,LEN(INDEX(headerRow2,1,COLUMN()))),ovrHeaderRow2,0)) -> 55.233853
A8: TXSO | B8: 16 | C8: FDU | D8: 4 | E8: =G9 -> 40.740741 | F8: 1 | G8: =F8/H8*100 -> 5.8823529 | H8: 17 | I8: =J8/AE8 -> 1.1428571 | J8: 16 | K8: 15 | L8: 0 | M8: =Q9 -> 50 | N8: 21 | O8: =((X8-F8*3-U8)/2+F8*1.5)/(((X8-F8*3-U8)/2+F8)/(G8/100)) -> 0.059954751 | P8: 10 | Q8: 41.9 | R8: 24 | S8: =U8/T8*100 -> 88.888889 | T8: 9 | U8: 8 | V8: =X9 -> 84 | W8: 10 | X8: 61 | Y8: =Z8-Z9 -> -1 | Z8: =W8+N8 -> 31 | AA8: =X8-V8 -> -23 | AB8: 8 | AC8: =AD8-AE8 -> 0 | AD8: =AE9 -> 14 | AE8: 14 | AF8: =(ROUND(((X8-U8-3*F8)/2),0)+F8)/Q8*100-W8+AE8+T8*0.475 -> 70.327506 | AG8: =AVERAGE(AF8,AF9) -> 70.026253 | AH8: =INDEX(ovrTable2,MATCH(INDEX(teamCol2,ROW()),ovrTeamCol2,0),MATCH(MID(INDEX(headerRow2,1,COLUMN()),4,LEN(INDEX(headerRow2,1,COLUMN()))),ovrHeaderRow2,0)) -> 33 | AI8: =INDEX(ovrTable2,MATCH(INDEX(teamCol2,ROW()),ovrTeamCol2,0),MATCH(MID(INDEX(headerRow2,1,COLUMN()),4,LEN(INDEX(headerRow2,1,COLUMN()))),ovrHeaderRow2,0)) -> 5.1 | AJ8: =INDEX(ovrTable2,MATCH(INDEX(teamCol2,ROW()),ovrTeamCol2,0),MATCH(MID(INDEX(headerRow2,1,COLUMN()),4,LEN(INDEX(headerRow2,1,COLUMN()))),ovrHeaderRow2,0)) -> 30.5 | AK8: =INDEX(ovrTable2,MATCH(INDEX(teamCol2,ROW()),ovrTeamCol2,0),MATCH(MID(INDEX(headerRow2,1,COLUMN()),4,LEN(INDEX(headerRow2,1,COLUMN()))),ovrHeaderRow2,0)) -> 17.5 | AL8: =INDEX(ovrTable2,MATCH(INDEX(teamCol2,ROW()),ovrTeamCol2,0),MATCH(MID(INDEX(headerRow2,1,COLUMN()),4,LEN(INDEX(headerRow2,1,COLUMN()))),ovrHeaderRow2,0)) -> 0.75 | AM8: =INDEX(ovrTable2,MATCH(INDEX(teamCol2,ROW()),ovrTeamCol2,0),MATCH(MID(INDEX(headerRow2,1,COLUMN()),4,LEN(INDEX(headerRow2,1,COLUMN()))),ovrHeaderRow2,0)) -> 11.4 | AN8: =INDEX(ovrTable2,MATCH(INDEX(teamCol2,ROW()),ovrTeamCol2,0),MATCH(MID(INDEX(headerRow2,1,COLUMN()),4,LEN(INDEX(headerRow2,1,COLUMN()))),ovrHeaderRow2,0)) -> 15.36 | AO8: =INDEX(ovrTable2,MATCH(INDEX(teamCol2,ROW()),ovrTeamCol2,0),MATCH(MID(INDEX(headerRow2,1,COLUMN()),4,LEN(INDEX(headerRow2,1,COLUMN()))),ovrHeaderRow2,0)) -> 3.5 | ... BK8: =INDEX(ovrTable2,MATCH(INDEX(teamCol2,ROW()),ovrTeamCol2,0),MATCH(MID(INDEX(headerRow2,1,COLUMN()),4,LEN(INDEX(headerRow2,1,COLUMN()))),ovrHeaderRow2,0)) -> 59.747706 | BL8: =INDEX(ovrTable2,MATCH(INDEX(oppCol23,ROW()),ovrTeamCol2,0),MATCH(MID(INDEX(headerRow2,1,COLUMN()),4,LEN(INDEX(headerRow2,1,COLUMN()))),ovrHeaderRow2,0)) -> 34.4 | BM8: =INDEX(ovrTable2,MATCH(INDEX(oppCol23,ROW()),ovrTeamCol2,0),MATCH(MID(INDEX(headerRow2,1,COLUMN()),4,LEN(INDEX(headerRow2,1,COLUMN()))),ovrHeaderRow2,0)) -> 8.5 | BN8: =INDEX(ovrTable2,MATCH(INDEX(oppCol23,ROW()),ovrTeamCol2,0),MATCH(MID(INDEX(headerRow2,1,COLUMN()),4,LEN(INDEX(headerRow2,1,COLUMN()))),ovrHeaderRow2,0)) -> 34.5 | BO8: =INDEX(ovrTable2,MATCH(INDEX(oppCol23,ROW()),ovrTeamCol2,0),MATCH(MID(INDEX(headerRow2,1,COLUMN()),4,LEN(INDEX(headerRow2,1,COLUMN()))),ovrHeaderRow2,0)) -> 23.8 | BP8: =INDEX(ovrTable2,MATCH(INDEX(oppCol23,ROW()),ovrTeamCol2,0),MATCH(MID(INDEX(headerRow2,1,COLUMN()),4,LEN(INDEX(headerRow2,1,COLUMN()))),ovrHeaderRow2,0)) -> 1.44 | BQ8: =INDEX(ovrTable2,MATCH(INDEX(oppCol23,ROW()),ovrTeamCol2,0),MATCH(MID(INDEX(headerRow2,1,COLUMN()),4,LEN(INDEX(headerRow2,1,COLUMN()))),ovrHeaderRow2,0)) -> 15.3 | BR8: =INDEX(ovrTable2,MATCH(INDEX(oppCol23,ROW()),ovrTeamCol2,0),MATCH(MID(INDEX(headerRow2,1,COLUMN()),4,LEN(INDEX(headerRow2,1,COLUMN()))),ovrHeaderRow2,0)) -> 19.06 | BS8: =INDEX(ovrTable2,MATCH(INDEX(oppCol23,ROW()),ovrTeamCol2,0),MATCH(MID(INDEX(headerRow2,1,COLUMN()),4,LEN(INDEX(headerRow2,1,COLUMN()))),ovrHeaderRow2,0)) -> 1.6 | ... CO8: =INDEX(ovrTable2,MATCH(INDEX(oppCol23,ROW()),ovrTeamCol2,0),MATCH(MID(INDEX(headerRow2,1,COLUMN()),4,LEN(INDEX(headerRow2,1,COLUMN()))),ovrHeaderRow2,0)) -> 63.956044
A9: FDU | B9: 16 | C9: TXSO | D9: 4 | E9: =G8 -> 5.8823529 | F9: 11 | G9: =F9/H9*100 -> 40.740741 | H9: 27 | I9: =J9/AE9 -> 0.92857143 | J9: 13 | K9: 6 | L9: 2 | M9: =Q8 -> 41.9 | N9: 27 | O9: =((X9-F9*3-U9)/2+F9*1.5)/(((X9-F9*3-U9)/2+F9)/(G9/100)) -> 0.50483092 | P9: 13 | Q9: 50 | R9: 15 | S9: =U9/T9*100 -> 87.096774 | T9: 31 | U9: 27 | V9: =X8 -> 61 | W9: 5 | X9: 84 | Y9: =Z9-Z8 -> 1 | Z9: =W9+N9 -> 32 | AA9: =X9-V9 -> 23 | AB9: 8 | AC9: =AD9-AE9 -> 0 | AD9: =AE8 -> 14 | AE9: 14 | AF9: =(ROUND(((X9-U9-3*F9)/2),0)+F9)/Q9*100-W9+AE9+T9*0.475 -> 69.725 | AG9: =AVERAGE(AF8,AF9) -> 70.026253 | AH9: =INDEX(ovrTable2,MATCH(INDEX(teamCol2,ROW()),ovrTeamCol2,0),MATCH(MID(INDEX(headerRow2,1,COLUMN()),4,LEN(INDEX(headerRow2,1,COLUMN()))),ovrHeaderRow2,0)) -> 34.4 | AI9: =INDEX(ovrTable2,MATCH(INDEX(teamCol2,ROW()),ovrTeamCol2,0),MATCH(MID(INDEX(headerRow2,1,COLUMN()),4,LEN(INDEX(headerRow2,1,COLUMN()))),ovrHeaderRow2,0)) -> 8.5 | AJ9: =INDEX(ovrTable2,MATCH(INDEX(teamCol2,ROW()),ovrTeamCol2,0),MATCH(MID(INDEX(headerRow2,1,COLUMN()),4,LEN(INDEX(headerRow2,1,COLUMN()))),ovrHeaderRow2,0)) -> 34.5 | AK9: =INDEX(ovrTable2,MATCH(INDEX(teamCol2,ROW()),ovrTeamCol2,0),MATCH(MID(INDEX(headerRow2,1,COLUMN()),4,LEN(INDEX(headerRow2,1,COLUMN()))),ovrHeaderRow2,0)) -> 23.8 | AL9: =INDEX(ovrTable2,MATCH(INDEX(teamCol2,ROW()),ovrTeamCol2,0),MATCH(MID(INDEX(headerRow2,1,COLUMN()),4,LEN(INDEX(headerRow2,1,COLUMN()))),ovrHeaderRow2,0)) -> 1.44 | AM9: =INDEX(ovrTable2,MATCH(INDEX(teamCol2,ROW()),ovrTeamCol2,0),MATCH(MID(INDEX(headerRow2,1,COLUMN()),4,LEN(INDEX(headerRow2,1,COLUMN()))),ovrHeaderRow2,0)) -> 15.3 | AN9: =INDEX(ovrTable2,MATCH(INDEX(teamCol2,ROW()),ovrTeamCol2,0),MATCH(MID(INDEX(headerRow2,1,COLUMN()),4,LEN(INDEX(headerRow2,1,COLUMN()))),ovrHeaderRow2,0)) -> 19.06 | AO9: =INDEX(ovrTable2,MATCH(INDEX(teamCol2,ROW()),ovrTeamCol2,0),MATCH(MID(INDEX(headerRow2,1,COLUMN()),4,LEN(INDEX(headerRow2,1,COLUMN()))),ovrHeaderRow2,0)) -> 1.6 | ... BK9: =INDEX(ovrTable2,MATCH(INDEX(teamCol2,ROW()),ovrTeamCol2,0),MATCH(MID(INDEX(headerRow2,1,COLUMN()),4,LEN(INDEX(headerRow2,1,COLUMN()))),ovrHeaderRow2,0)) -> 63.956044 | BL9: =INDEX(ovrTable2,MATCH(INDEX(oppCol23,ROW()),ovrTeamCol2,0),MATCH(MID(INDEX(headerRow2,1,COLUMN()),4,LEN(INDEX(headerRow2,1,COLUMN()))),ovrHeaderRow2,0)) -> 33 | BM9: =INDEX(ovrTable2,MATCH(INDEX(oppCol23,ROW()),ovrTeamCol2,0),MATCH(MID(INDEX(headerRow2,1,COLUMN()),4,LEN(INDEX(headerRow2,1,COLUMN()))),ovrHeaderRow2,0)) -> 5.1 | BN9: =INDEX(ovrTable2,MATCH(INDEX(oppCol23,ROW()),ovrTeamCol2,0),MATCH(MID(INDEX(headerRow2,1,COLUMN()),4,LEN(INDEX(headerRow2,1,COLUMN()))),ovrHeaderRow2,0)) -> 30.5 | BO9: =INDEX(ovrTable2,MATCH(INDEX(oppCol23,ROW()),ovrTeamCol2,0),MATCH(MID(INDEX(headerRow2,1,COLUMN()),4,LEN(INDEX(headerRow2,1,COLUMN()))),ovrHeaderRow2,0)) -> 17.5 | BP9: =INDEX(ovrTable2,MATCH(INDEX(oppCol23,ROW()),ovrTeamCol2,0),MATCH(MID(INDEX(headerRow2,1,COLUMN()),4,LEN(INDEX(headerRow2,1,COLUMN()))),ovrHeaderRow2,0)) -> 0.75 | BQ9: =INDEX(ovrTable2,MATCH(INDEX(oppCol23,ROW()),ovrTeamCol2,0),MATCH(MID(INDEX(headerRow2,1,COLUMN()),4,LEN(INDEX(headerRow2,1,COLUMN()))),ovrHeaderRow2,0)) -> 11.4 | BR9: =INDEX(ovrTable2,MATCH(INDEX(oppCol23,ROW()),ovrTeamCol2,0),MATCH(MID(INDEX(headerRow2,1,COLUMN()),4,LEN(INDEX(headerRow2,1,COLUMN()))),ovrHeaderRow2,0)) -> 15.36 | BS9: =INDEX(ovrTable2,MATCH(INDEX(oppCol23,ROW()),ovrTeamCol2,0),MATCH(MID(INDEX(headerRow2,1,COLUMN()),4,LEN(INDEX(headerRow2,1,COLUMN()))),ovrHeaderRow2,0)) -> 3.5 | ... CO9: =INDEX(ovrTable2,MATCH(INDEX(oppCol23,ROW()),ovrTeamCol2,0),MATCH(MID(INDEX(headerRow2,1,COLUMN()),4,LEN(INDEX(headerRow2,1,COLUMN()))),ovrHeaderRow2,0)) -> 59.747706
A10: ALA | B10: 1 | C10: AMCC | D10: 5 | E10: =G11 -> 35 | F10: 15 | G10: =F10/H10*100 -> 45.454545 | H10: 33 | I10: =J10/AE10 -> 2.625 | J10: 21 | K10: 49 | L10: 8 | M10: =Q11 -> 34.7 | N10: 33 | O10: =((X10-F10*3-U10)/2+F10*1.5)/(((X10-F10*3-U10)/2+F10)/(G10/100)) -> 0.55785124 | P10: 15 | Q10: 47.1 | R10: 18 | S10: =U10/T10*100 -> 65.217391 | T10: 23 | U10: 15 | V10: =X11 -> 75 | W10: 15 | X10: 96 | Y10: =Z10-Z11 -> 4 | Z10: =W10+N10 -> 48 | AA10: =X10-V10 -> 21 | AB10: 4 | AC10: =AD10-AE10 -> -2 | AD10: =AE11 -> 6 | AE10: 8 | AF10: =(ROUND(((X10-U10-3*F10)/2),0)+F10)/Q10*100-W10+AE10+T10*0.475 -> 73.988694 | AG10: =AVERAGE(AF10,AF11) -> 73.233324 | AH10: =INDEX(ovrTable2,MATCH(INDEX(teamCol2,ROW()),ovrTeamCol2,0),MATCH(MID(INDEX(headerRow2,1,COLUMN()),4,LEN(INDEX(headerRow2,1,COLUMN()))),ovrHeaderRow2,0)) -> 29.9 | AI10: =INDEX(ovrTable2,MATCH(INDEX(teamCol2,ROW()),ovrTeamCol2,0),MATCH(MID(INDEX(headerRow2,1,COLUMN()),4,LEN(INDEX(headerRow2,1,COLUMN()))),ovrHeaderRow2,0)) -> 10.5 | AJ10: =INDEX(ovrTable2,MATCH(INDEX(teamCol2,ROW()),ovrTeamCol2,0),MATCH(MID(INDEX(headerRow2,1,COLUMN()),4,LEN(INDEX(headerRow2,1,COLUMN()))),ovrHeaderRow2,0)) -> 33.9 | AK10: =INDEX(ovrTable2,MATCH(INDEX(teamCol2,ROW()),ovrTeamCol2,0),MATCH(MID(INDEX(headerRow2,1,COLUMN()),4,LEN(INDEX(headerRow2,1,COLUMN()))),ovrHeaderRow2,0)) -> 30.6 | AL10: =INDEX(ovrTable2,MATCH(INDEX(teamCol2,ROW()),ovrTeamCol2,0),MATCH(MID(INDEX(headerRow2,1,COLUMN()),4,LEN(INDEX(headerRow2,1,COLUMN()))),ovrHeaderRow2,0)) -> 1.17 | AM10: =INDEX(ovrTable2,MATCH(INDEX(teamCol2,ROW()),ovrTeamCol2,0),MATCH(MID(INDEX(headerRow2,1,COLUMN()),4,LEN(INDEX(headerRow2,1,COLUMN()))),ovrHeaderRow2,0)) -> 15.6 | AN10: =INDEX(ovrTable2,MATCH(INDEX(teamCol2,ROW()),ovrTeamCol2,0),MATCH(MID(INDEX(headerRow2,1,COLUMN()),4,LEN(INDEX(headerRow2,1,COLUMN()))),ovrHeaderRow2,0)) -> 32.61 | AO10: =INDEX(ovrTable2,MATCH(INDEX(teamCol2,ROW()),ovrTeamCol2,0),MATCH(MID(INDEX(headerRow2,1,COLUMN()),4,LEN(INDEX(headerRow2,1,COLUMN()))),ovrHeaderRow2,0)) -> 5.4 | ... BK10: =INDEX(ovrTable2,MATCH(INDEX(teamCol2,ROW()),ovrTeamCol2,0),MATCH(MID(INDEX(headerRow2,1,COLUMN()),4,LEN(INDEX(headerRow2,1,COLUMN()))),ovrHeaderRow2,0)) -> 65.540541 | BL10: =INDEX(ovrTable2,MATCH(INDEX(oppCol23,ROW()),ovrTeamCol2,0),MATCH(MID(INDEX(headerRow2,1,COLUMN()),4,LEN(INDEX(headerRow2,1,COLUMN()))),ovrHeaderRow2,0)) -> 33.5 | BM10: =INDEX(ovrTable2,MATCH(INDEX(oppCol23,ROW()),ovrTeamCol2,0),MATCH(MID(INDEX(headerRow2,1,COLUMN()),4,LEN(INDEX(headerRow2,1,COLUMN()))),ovrHeaderRow2,0)) -> 8 | BN10: =INDEX(ovrTable2,MATCH(INDEX(oppCol23,ROW()),ovrTeamCol2,0),MATCH(MID(INDEX(headerRow2,1,COLUMN()),4,LEN(INDEX(headerRow2,1,COLUMN()))),ovrHeaderRow2,0)) -> 36.1 | BO10: =INDEX(ovrTable2,MATCH(INDEX(oppCol23,ROW()),ovrTeamCol2,0),MATCH(MID(INDEX(headerRow2,1,COLUMN()),4,LEN(INDEX(headerRow2,1,COLUMN()))),ovrHeaderRow2,0)) -> 22.2 | BP10: =INDEX(ovrTable2,MATCH(INDEX(oppCol23,ROW()),ovrTeamCol2,0),MATCH(MID(INDEX(headerRow2,1,COLUMN()),4,LEN(INDEX(headerRow2,1,COLUMN()))),ovrHeaderRow2,0)) -> 1.32 | BQ10: =INDEX(ovrTable2,MATCH(INDEX(oppCol23,ROW()),ovrTeamCol2,0),MATCH(MID(INDEX(headerRow2,1,COLUMN()),4,LEN(INDEX(headerRow2,1,COLUMN()))),ovrHeaderRow2,0)) -> 15.9 | BR10: =INDEX(ovrTable2,MATCH(INDEX(oppCol23,ROW()),ovrTeamCol2,0),MATCH(MID(INDEX(headerRow2,1,COLUMN()),4,LEN(INDEX(headerRow2,1,COLUMN()))),ovrHeaderRow2,0)) -> 26.94 | BS10: =INDEX(ovrTable2,MATCH(INDEX(oppCol23,ROW()),ovrTeamCol2,0),MATCH(MID(INDEX(headerRow2,1,COLUMN()),4,LEN(INDEX(headerRow2,1,COLUMN()))),ovrHeaderRow2,0)) -> 1.6 | ... CO10: =INDEX(ovrTable2,MATCH(INDEX(oppCol23,ROW()),ovrTeamCol2,0),MATCH(MID(INDEX(headerRow2,1,COLUMN()),4,LEN(INDEX(headerRow2,1,COLUMN()))),ovrHeaderRow2,0)) -> 63.576159
A11: AMCC | B11: 16 | C11: ALA | D11: 5 | E11: =G10 -> 45.454545 | F11: 7 | G11: =F11/H11*100 -> 35 | H11: 20 | I11: =J11/AE11 -> 1.3333333 | J11: 8 | K11: 29 | L11: 3 | M11: =Q10 -> 47.1 | N11: 27 | O11: =((X11-F11*3-U11)/2+F11*1.5)/(((X11-F11*3-U11)/2+F11)/(G11/100)) -> 0.39711538 | P11: 13 | Q11: 34.7 | R11: 18 | S11: =U11/T11*100 -> 88.888889 | T11: 18 | U11: 16 | V11: =X10 -> 96 | W11: 17 | X11: 75 | Y11: =Z11-Z10 -> -4 | Z11: =W11+N11 -> 44 | AA11: =X11-V11 -> -21 | AB11: 4 | AC11: =AD11-AE11 -> 2 | AD11: =AE10 -> 8 | AE11: 6 | AF11: =(ROUND(((X11-U11-3*F11)/2),0)+F11)/Q11*100-W11+AE11+T11*0.475 -> 72.477954 | AG11: =AVERAGE(AF10,AF11) -> 73.233324 | AH11: =INDEX(ovrTable2,MATCH(INDEX(teamCol2,ROW()),ovrTeamCol2,0),MATCH(MID(INDEX(headerRow2,1,COLUMN()),4,LEN(INDEX(headerRow2,1,COLUMN()))),ovrHeaderRow2,0)) -> 33.5 | AI11: =INDEX(ovrTable2,MATCH(INDEX(teamCol2,ROW()),ovrTeamCol2,0),MATCH(MID(INDEX(headerRow2,1,COLUMN()),4,LEN(INDEX(headerRow2,1,COLUMN()))),ovrHeaderRow2,0)) -> 8 | AJ11: =INDEX(ovrTable2,MATCH(INDEX(teamCol2,ROW()),ovrTeamCol2,0),MATCH(MID(INDEX(headerRow2,1,COLUMN()),4,LEN(INDEX(headerRow2,1,COLUMN()))),ovrHeaderRow2,0)) -> 36.1 | AK11: =INDEX(ovrTable2,MATCH(INDEX(teamCol2,ROW()),ovrTeamCol2,0),MATCH(MID(INDEX(headerRow2,1,COLUMN()),4,LEN(INDEX(headerRow2,1,COLUMN()))),ovrHeaderRow2,0)) -> 22.2 | AL11: =INDEX(ovrTable2,MATCH(INDEX(teamCol2,ROW()),ovrTeamCol2,0),MATCH(MID(INDEX(headerRow2,1,COLUMN()),4,LEN(INDEX(headerRow2,1,COLUMN()))),ovrHeaderRow2,0)) -> 1.32 | AM11: =INDEX(ovrTable2,MATCH(INDEX(teamCol2,ROW()),ovrTeamCol2,0),MATCH(MID(INDEX(headerRow2,1,COLUMN()),4,LEN(INDEX(headerRow2,1,COLUMN()))),ovrHeaderRow2,0)) -> 15.9 | AN11: =INDEX(ovrTable2,MATCH(INDEX(teamCol2,ROW()),ovrTeamCol2,0),MATCH(MID(INDEX(headerRow2,1,COLUMN()),4,LEN(INDEX(headerRow2,1,COLUMN()))),ovrHeaderRow2,0)) -> 26.94 | AO11: =INDEX(ovrTable2,MATCH(INDEX(teamCol2,ROW()),ovrTeamCol2,0),MATCH(MID(INDEX(headerRow2,1,COLUMN()),4,LEN(INDEX(headerRow2,1,COLUMN()))),ovrHeaderRow2,0)) -> 1.6 | ... BK11: =INDEX(ovrTable2,MATCH(INDEX(teamCol2,ROW()),ovrTeamCol2,0),MATCH(MID(INDEX(headerRow2,1,COLUMN()),4,LEN(INDEX(headerRow2,1,COLUMN()))),ovrHeaderRow2,0)) -> 63.576159 | BL11: =INDEX(ovrTable2,MATCH(INDEX(oppCol23,ROW()),ovrTeamCol2,0),MATCH(MID(INDEX(headerRow2,1,COLUMN()),4,LEN(INDEX(headerRow2,1,COLUMN()))),ovrHeaderRow2,0)) -> 29.9 | BM11: =INDEX(ovrTable2,MATCH(INDEX(oppCol23,ROW()),ovrTeamCol2,0),MATCH(MID(INDEX(headerRow2,1,COLUMN()),4,LEN(INDEX(headerRow2,1,COLUMN()))),ovrHeaderRow2,0)) -> 10.5 | BN11: =INDEX(ovrTable2,MATCH(INDEX(oppCol23,ROW()),ovrTeamCol2,0),MATCH(MID(INDEX(headerRow2,1,COLUMN()),4,LEN(INDEX(headerRow2,1,COLUMN()))),ovrHeaderRow2,0)) -> 33.9 | BO11: =INDEX(ovrTable2,MATCH(INDEX(oppCol23,ROW()),ovrTeamCol2,0),MATCH(MID(INDEX(headerRow2,1,COLUMN()),4,LEN(INDEX(headerRow2,1,COLUMN()))),ovrHeaderRow2,0)) -> 30.6 | BP11: =INDEX(ovrTable2,MATCH(INDEX(oppCol23,ROW()),ovrTeamCol2,0),MATCH(MID(INDEX(headerRow2,1,COLUMN()),4,LEN(INDEX(headerRow2,1,COLUMN()))),ovrHeaderRow2,0)) -> 1.17 | BQ11: =INDEX(ovrTable2,MATCH(INDEX(oppCol23,ROW()),ovrTeamCol2,0),MATCH(MID(INDEX(headerRow2,1,COLUMN()),4,LEN(INDEX(headerRow2,1,COLUMN()))),ovrHeaderRow2,0)) -> 15.6 | BR11: =INDEX(ovrTable2,MATCH(INDEX(oppCol23,ROW()),ovrTeamCol2,0),MATCH(MID(INDEX(headerRow2,1,COLUMN()),4,LEN(INDEX(headerRow2,1,COLUMN()))),ovrHeaderRow2,0)) -> 32.61 | BS11: =INDEX(ovrTable2,MATCH(INDEX(oppCol23,ROW()),ovrTeamCol2,0),MATCH(MID(INDEX(headerRow2,1,COLUMN()),4,LEN(INDEX(headerRow2,1,COLUMN()))),ovrHeaderRow2,0)) -> 5.4 | ... CO11: =INDEX(ovrTable2,MATCH(INDEX(oppCol23,ROW()),ovrTeamCol2,0),MATCH(MID(INDEX(headerRow2,1,COLUMN()),4,LEN(INDEX(headerRow2,1,COLUMN()))),ovrHeaderRow2,0)) -> 65.540541
A12: MD | B12: 8 | C12: WVU | D12: 6 | E12: =G13 -> 42.105263 | F12: 6 | G12: =F12/H12*100 -> 33.333333 | H12: 18 | I12: =J12/AE12 -> 0.92307692 | J12: 12 | K12: 5 | L12: 5 | M12: =Q13 -> 39.3 | N12: 21 | O12: =((X12-F12*3-U12)/2+F12*1.5)/(((X12-F12*3-U12)/2+F12)/(G12/100)) -> 0.37681159 | P12: 10 | Q12: 51.1 | R12: 19 | S12: =U12/T12*100 -> 68.181818 | T12: 22 | U12: 15 | V12: =X13 -> 65 | W12: 8 | X12: 67 | Y12: =Z12-Z13 -> -6 | Z12: =W12+N12 -> 29 | AA12: =X12-V12 -> 2 | AB12: 7 | AC12: =AD12-AE12 -> -1 | AD12: =AE13 -> 12 | AE12: 13 | AF12: =(ROUND(((X12-U12-3*F12)/2),0)+F12)/Q12*100-W12+AE12+T12*0.475 -> 60.459785 | AG12: =AVERAGE(AF12,AF13) -> 60.019714 | AH12: =INDEX(ovrTable2,MATCH(INDEX(teamCol2,ROW()),ovrTeamCol2,0),MATCH(MID(INDEX(headerRow2,1,COLUMN()),4,LEN(INDEX(headerRow2,1,COLUMN()))),ovrHeaderRow2,0)) -> 32 | AI12: =INDEX(ovrTable2,MATCH(INDEX(teamCol2,ROW()),ovrTeamCol2,0),MATCH(MID(INDEX(headerRow2,1,COLUMN()),4,LEN(INDEX(headerRow2,1,COLUMN()))),ovrHeaderRow2,0)) -> 6.9 | AJ12: =INDEX(ovrTable2,MATCH(INDEX(teamCol2,ROW()),ovrTeamCol2,0),MATCH(MID(INDEX(headerRow2,1,COLUMN()),4,LEN(INDEX(headerRow2,1,COLUMN()))),ovrHeaderRow2,0)) -> 33.6 | AK12: =INDEX(ovrTable2,MATCH(INDEX(teamCol2,ROW()),ovrTeamCol2,0),MATCH(MID(INDEX(headerRow2,1,COLUMN()),4,LEN(INDEX(headerRow2,1,COLUMN()))),ovrHeaderRow2,0)) -> 21.6 | AL12: =INDEX(ovrTable2,MATCH(INDEX(teamCol2,ROW()),ovrTeamCol2,0),MATCH(MID(INDEX(headerRow2,1,COLUMN()),4,LEN(INDEX(headerRow2,1,COLUMN()))),ovrHeaderRow2,0)) -> 1.15 | AM12: =INDEX(ovrTable2,MATCH(INDEX(teamCol2,ROW()),ovrTeamCol2,0),MATCH(MID(INDEX(headerRow2,1,COLUMN()),4,LEN(INDEX(headerRow2,1,COLUMN()))),ovrHeaderRow2,0)) -> 10.6 | AN12: =INDEX(ovrTable2,MATCH(INDEX(teamCol2,ROW()),ovrTeamCol2,0),MATCH(MID(INDEX(headerRow2,1,COLUMN()),4,LEN(INDEX(headerRow2,1,COLUMN()))),ovrHeaderRow2,0)) -> 14.19 | AO12: =INDEX(ovrTable2,MATCH(INDEX(teamCol2,ROW()),ovrTeamCol2,0),MATCH(MID(INDEX(headerRow2,1,COLUMN()),4,LEN(INDEX(headerRow2,1,COLUMN()))),ovrHeaderRow2,0)) -> 3.8 | ... BK12: =INDEX(ovrTable2,MATCH(INDEX(teamCol2,ROW()),ovrTeamCol2,0),MATCH(MID(INDEX(headerRow2,1,COLUMN()),4,LEN(INDEX(headerRow2,1,COLUMN()))),ovrHeaderRow2,0)) -> 55.567929 | BL12: =INDEX(ovrTable2,MATCH(INDEX(oppCol23,ROW()),ovrTeamCol2,0),MATCH(MID(INDEX(headerRow2,1,COLUMN()),4,LEN(INDEX(headerRow2,1,COLUMN()))),ovrHeaderRow2,0)) -> 33.8 | BM12: =INDEX(ovrTable2,MATCH(INDEX(oppCol23,ROW()),ovrTeamCol2,0),MATCH(MID(INDEX(headerRow2,1,COLUMN()),4,LEN(INDEX(headerRow2,1,COLUMN()))),ovrHeaderRow2,0)) -> 7.3 | BN12: =INDEX(ovrTable2,MATCH(INDEX(oppCol23,ROW()),ovrTeamCol2,0),MATCH(MID(INDEX(headerRow2,1,COLUMN()),4,LEN(INDEX(headerRow2,1,COLUMN()))),ovrHeaderRow2,0)) -> 35.5 | BO12: =INDEX(ovrTable2,MATCH(INDEX(oppCol23,ROW()),ovrTeamCol2,0),MATCH(MID(INDEX(headerRow2,1,COLUMN()),4,LEN(INDEX(headerRow2,1,COLUMN()))),ovrHeaderRow2,0)) -> 22 | BP12: =INDEX(ovrTable2,MATCH(INDEX(oppCol23,ROW()),ovrTeamCol2,0),MATCH(MID(INDEX(headerRow2,1,COLUMN()),4,LEN(INDEX(headerRow2,1,COLUMN()))),ovrHeaderRow2,0)) -> 1 | BQ12: =INDEX(ovrTable2,MATCH(INDEX(oppCol23,ROW()),ovrTeamCol2,0),MATCH(MID(INDEX(headerRow2,1,COLUMN()),4,LEN(INDEX(headerRow2,1,COLUMN()))),ovrHeaderRow2,0)) -> 13.2 | BR12: =INDEX(ovrTable2,MATCH(INDEX(oppCol23,ROW()),ovrTeamCol2,0),MATCH(MID(INDEX(headerRow2,1,COLUMN()),4,LEN(INDEX(headerRow2,1,COLUMN()))),ovrHeaderRow2,0)) -> 25.11 | BS12: =INDEX(ovrTable2,MATCH(INDEX(oppCol23,ROW()),ovrTeamCol2,0),MATCH(MID(INDEX(headerRow2,1,COLUMN()),4,LEN(INDEX(headerRow2,1,COLUMN()))),ovrHeaderRow2,0)) -> 3.1 | ... CO12: =INDEX(ovrTable2,MATCH(INDEX(oppCol23,ROW()),ovrTeamCol2,0),MATCH(MID(INDEX(headerRow2,1,COLUMN()),4,LEN(INDEX(headerRow2,1,COLUMN()))),ovrHeaderRow2,0)) -> 58.830022
A13: WVU | B13: 9 | C13: MD | D13: 6 | E13: =G12 -> 33.333333 | F13: 8 | G13: =F13/H13*100 -> 42.105263 | H13: 19 | I13: =J13/AE13 -> 0.58333333 | J13: 7 | K13: 14 | L13: 2 | M13: =Q12 -> 51.1 | N13: 19 | O13: =((X13-F13*3-U13)/2+F13*1.5)/(((X13-F13*3-U13)/2+F13)/(G13/100)) -> 0.49760766 | P13: 5 | Q13: 39.3 | R13: 24 | S13: =U13/T13*100 -> 81.25 | T13: 16 | U13: 13 | V13: =X12 -> 67 | W13: 16 | X13: 65 | Y13: =Z13-Z12 -> 6 | Z13: =W13+N13 -> 35 | AA13: =X13-V13 -> -2 | AB13: 6 | AC13: =AD13-AE13 -> 1 | AD13: =AE12 -> 13 | AE13: 12 | AF13: =(ROUND(((X13-U13-3*F13)/2),0)+F13)/Q13*100-W13+AE13+T13*0.475 -> 59.579644 | AG13: =AVERAGE(AF12,AF13) -> 60.019714 | AH13: =INDEX(ovrTable2,MATCH(INDEX(teamCol2,ROW()),ovrTeamCol2,0),MATCH(MID(INDEX(headerRow2,1,COLUMN()),4,LEN(INDEX(headerRow2,1,COLUMN()))),ovrHeaderRow2,0)) -> 33.8 | AI13: =INDEX(ovrTable2,MATCH(INDEX(teamCol2,ROW()),ovrTeamCol2,0),MATCH(MID(INDEX(headerRow2,1,COLUMN()),4,LEN(INDEX(headerRow2,1,COLUMN()))),ovrHeaderRow2,0)) -> 7.3 | AJ13: =INDEX(ovrTable2,MATCH(INDEX(teamCol2,ROW()),ovrTeamCol2,0),MATCH(MID(INDEX(headerRow2,1,COLUMN()),4,LEN(INDEX(headerRow2,1,COLUMN()))),ovrHeaderRow2,0)) -> 35.5 | AK13: =INDEX(ovrTable2,MATCH(INDEX(teamCol2,ROW()),ovrTeamCol2,0),MATCH(MID(INDEX(headerRow2,1,COLUMN()),4,LEN(INDEX(headerRow2,1,COLUMN()))),ovrHeaderRow2,0)) -> 22 | AL13: =INDEX(ovrTable2,MATCH(INDEX(teamCol2,ROW()),ovrTeamCol2,0),MATCH(MID(INDEX(headerRow2,1,COLUMN()),4,LEN(INDEX(headerRow2,1,COLUMN()))),ovrHeaderRow2,0)) -> 1 | AM13: =INDEX(ovrTable2,MATCH(INDEX(teamCol2,ROW()),ovrTeamCol2,0),MATCH(MID(INDEX(headerRow2,1,COLUMN()),4,LEN(INDEX(headerRow2,1,COLUMN()))),ovrHeaderRow2,0)) -> 13.2 | AN13: =INDEX(ovrTable2,MATCH(INDEX(teamCol2,ROW()),ovrTeamCol2,0),MATCH(MID(INDEX(headerRow2,1,COLUMN()),4,LEN(INDEX(headerRow2,1,COLUMN()))),ovrHeaderRow2,0)) -> 25.11 | AO13: =INDEX(ovrTable2,MATCH(INDEX(teamCol2,ROW()),ovrTeamCol2,0),MATCH(MID(INDEX(headerRow2,1,COLUMN()),4,LEN(INDEX(headerRow2,1,COLUMN()))),ovrHeaderRow2,0)) -> 3.1 | ... BK13: =INDEX(ovrTable2,MATCH(INDEX(teamCol2,ROW()),ovrTeamCol2,0),MATCH(MID(INDEX(headerRow2,1,COLUMN()),4,LEN(INDEX(headerRow2,1,COLUMN()))),ovrHeaderRow2,0)) -> 58.830022 | BL13: =INDEX(ovrTable2,MATCH(INDEX(oppCol23,ROW()),ovrTeamCol2,0),MATCH(MID(INDEX(headerRow2,1,COLUMN()),4,LEN(INDEX(headerRow2,1,COLUMN()))),ovrHeaderRow2,0)) -> 32 | BM13: =INDEX(ovrTable2,MATCH(INDEX(oppCol23,ROW()),ovrTeamCol2,0),MATCH(MID(INDEX(headerRow2,1,COLUMN()),4,LEN(INDEX(headerRow2,1,COLUMN()))),ovrHeaderRow2,0)) -> 6.9 | BN13: =INDEX(ovrTable2,MATCH(INDEX(oppCol23,ROW()),ovrTeamCol2,0),MATCH(MID(INDEX(headerRow2,1,COLUMN()),4,LEN(INDEX(headerRow2,1,COLUMN()))),ovrHeaderRow2,0)) -> 33.6 | BO13: =INDEX(ovrTable2,MATCH(INDEX(oppCol23,ROW()),ovrTeamCol2,0),MATCH(MID(INDEX(headerRow2,1,COLUMN()),4,LEN(INDEX(headerRow2,1,COLUMN()))),ovrHeaderRow2,0)) -> 21.6 | BP13: =INDEX(ovrTable2,MATCH(INDEX(oppCol23,ROW()),ovrTeamCol2,0),MATCH(MID(INDEX(headerRow2,1,COLUMN()),4,LEN(INDEX(headerRow2,1,COLUMN()))),ovrHeaderRow2,0)) -> 1.15 | BQ13: =INDEX(ovrTable2,MATCH(INDEX(oppCol23,ROW()),ovrTeamCol2,0),MATCH(MID(INDEX(headerRow2,1,COLUMN()),4,LEN(INDEX(headerRow2,1,COLUMN()))),ovrHeaderRow2,0)) -> 10.6 | BR13: =INDEX(ovrTable2,MATCH(INDEX(oppCol23,ROW()),ovrTeamCol2,0),MATCH(MID(INDEX(headerRow2,1,COLUMN()),4,LEN(INDEX(headerRow2,1,COLUMN()))),ovrHeaderRow2,0)) -> 14.19 | BS13: =INDEX(ovrTable2,MATCH(INDEX(oppCol23,ROW()),ovrTeamCol2,0),MATCH(MID(INDEX(headerRow2,1,COLUMN()),4,LEN(INDEX(headerRow2,1,COLUMN()))),ovrHeaderRow2,0)) -> 3.8 | ... CO13: =INDEX(ovrTable2,MATCH(INDEX(oppCol23,ROW()),ovrTeamCol2,0),MATCH(MID(INDEX(headerRow2,1,COLUMN()),4,LEN(INDEX(headerRow2,1,COLUMN()))),ovrHeaderRow2,0)) -> 55.567929
A14: SDSU | B14: 5 | C14: COFC | D14: 7 | E14: =G15 -> 20.833333 | F14: 4 | G14: =F14/H14*100 -> 25 | H14: 16 | I14: =J14/AE14 -> 0.92857143 | J14: 13 | K14: 24 | L14: 7 | M14: =Q15 -> 32.1 | N14: 32 | O14: =((X14-F14*3-U14)/2+F14*1.5)/(((X14-F14*3-U14)/2+F14)/(G14/100)) -> 0.27083333 | P14: 7 | Q14: 42.9 | R14: 18 | S14: =U14/T14*100 -> 61.111111 | T14: 18 | U14: 11 | V14: =X15 -> 57 | W14: 8 | X14: 63 | Y14: =Z14-Z15 -> 6 | Z14: =W14+N14 -> 40 | AA14: =X14-V14 -> 6 | AB14: 4 | AC14: =AD14-AE14 -> -4 | AD14: =AE15 -> 10 | AE14: 14 | AF14: =(ROUND(((X14-U14-3*F14)/2),0)+F14)/Q14*100-W14+AE14+T14*0.475 -> 70.494056 | AG14: =AVERAGE(AF14,AF15) -> 68.796911 | AH14: =INDEX(ovrTable2,MATCH(INDEX(teamCol2,ROW()),ovrTeamCol2,0),MATCH(MID(INDEX(headerRow2,1,COLUMN()),4,LEN(INDEX(headerRow2,1,COLUMN()))),ovrHeaderRow2,0)) -> 30 | AI14: =INDEX(ovrTable2,MATCH(INDEX(teamCol2,ROW()),ovrTeamCol2,0),MATCH(MID(INDEX(headerRow2,1,COLUMN()),4,LEN(INDEX(headerRow2,1,COLUMN()))),ovrHeaderRow2,0)) -> 7.1 | AJ14: =INDEX(ovrTable2,MATCH(INDEX(teamCol2,ROW()),ovrTeamCol2,0),MATCH(MID(INDEX(headerRow2,1,COLUMN()),4,LEN(INDEX(headerRow2,1,COLUMN()))),ovrHeaderRow2,0)) -> 35.2 | AK14: =INDEX(ovrTable2,MATCH(INDEX(teamCol2,ROW()),ovrTeamCol2,0),MATCH(MID(INDEX(headerRow2,1,COLUMN()),4,LEN(INDEX(headerRow2,1,COLUMN()))),ovrHeaderRow2,0)) -> 20.4 | AL14: =INDEX(ovrTable2,MATCH(INDEX(teamCol2,ROW()),ovrTeamCol2,0),MATCH(MID(INDEX(headerRow2,1,COLUMN()),4,LEN(INDEX(headerRow2,1,COLUMN()))),ovrHeaderRow2,0)) -> 1.26 | AM14: =INDEX(ovrTable2,MATCH(INDEX(teamCol2,ROW()),ovrTeamCol2,0),MATCH(MID(INDEX(headerRow2,1,COLUMN()),4,LEN(INDEX(headerRow2,1,COLUMN()))),ovrHeaderRow2,0)) -> 13.1 | AN14: =INDEX(ovrTable2,MATCH(INDEX(teamCol2,ROW()),ovrTeamCol2,0),MATCH(MID(INDEX(headerRow2,1,COLUMN()),4,LEN(INDEX(headerRow2,1,COLUMN()))),ovrHeaderRow2,0)) -> 30.06 | AO14: =INDEX(ovrTable2,MATCH(INDEX(teamCol2,ROW()),ovrTeamCol2,0),MATCH(MID(INDEX(headerRow2,1,COLUMN()),4,LEN(INDEX(headerRow2,1,COLUMN()))),ovrHeaderRow2,0)) -> 3.9 | ... BK14: =INDEX(ovrTable2,MATCH(INDEX(teamCol2,ROW()),ovrTeamCol2,0),MATCH(MID(INDEX(headerRow2,1,COLUMN()),4,LEN(INDEX(headerRow2,1,COLUMN()))),ovrHeaderRow2,0)) -> 58.977273 | BL14: =INDEX(ovrTable2,MATCH(INDEX(oppCol23,ROW()),ovrTeamCol2,0),MATCH(MID(INDEX(headerRow2,1,COLUMN()),4,LEN(INDEX(headerRow2,1,COLUMN()))),ovrHeaderRow2,0)) -> 30.5 | BM14: =INDEX(ovrTable2,MATCH(INDEX(oppCol23,ROW()),ovrTeamCol2,0),MATCH(MID(INDEX(headerRow2,1,COLUMN()),4,LEN(INDEX(headerRow2,1,COLUMN()))),ovrHeaderRow2,0)) -> 10.7 | BN14: =INDEX(ovrTable2,MATCH(INDEX(oppCol23,ROW()),ovrTeamCol2,0),MATCH(MID(INDEX(headerRow2,1,COLUMN()),4,LEN(INDEX(headerRow2,1,COLUMN()))),ovrHeaderRow2,0)) -> 33.8 | BO14: =INDEX(ovrTable2,MATCH(INDEX(oppCol23,ROW()),ovrTeamCol2,0),MATCH(MID(INDEX(headerRow2,1,COLUMN()),4,LEN(INDEX(headerRow2,1,COLUMN()))),ovrHeaderRow2,0)) -> 32 | BP14: =INDEX(ovrTable2,MATCH(INDEX(oppCol23,ROW()),ovrTeamCol2,0),MATCH(MID(INDEX(headerRow2,1,COLUMN()),4,LEN(INDEX(headerRow2,1,COLUMN()))),ovrHeaderRow2,0)) -> 1.27 | BQ14: =INDEX(ovrTable2,MATCH(INDEX(oppCol23,ROW()),ovrTeamCol2,0),MATCH(MID(INDEX(headerRow2,1,COLUMN()),4,LEN(INDEX(headerRow2,1,COLUMN()))),ovrHeaderRow2,0)) -> 13.7 | BR14: =INDEX(ovrTable2,MATCH(INDEX(oppCol23,ROW()),ovrTeamCol2,0),MATCH(MID(INDEX(headerRow2,1,COLUMN()),4,LEN(INDEX(headerRow2,1,COLUMN()))),ovrHeaderRow2,0)) -> 33.5 | BS14: =INDEX(ovrTable2,MATCH(INDEX(oppCol23,ROW()),ovrTeamCol2,0),MATCH(MID(INDEX(headerRow2,1,COLUMN()),4,LEN(INDEX(headerRow2,1,COLUMN()))),ovrHeaderRow2,0)) -> 3.2 | ... CO14: =INDEX(ovrTable2,MATCH(INDEX(oppCol23,ROW()),ovrTeamCol2,0),MATCH(MID(INDEX(headerRow2,1,COLUMN()),4,LEN(INDEX(headerRow2,1,COLUMN()))),ovrHeaderRow2,0)) -> 63.863636
A15: COFC | B15: 12 | C15: SDSU | D15: 7 | E15: =G14 -> 25 | F15: 5 | G15: =F15/H15*100 -> 20.833333 | H15: 24 | I15: =J15/AE15 -> 0.9 | J15: 9 | K15: 8 | L15: 2 | M15: =Q14 -> 42.9 | N15: 26 | O15: =((X15-F15*3-U15)/2+F15*1.5)/(((X15-F15*3-U15)/2+F15)/(G15/100)) -> 0.23726852 | P15: 15 | Q15: 32.1 | R15: 18 | S15: =U15/T15*100 -> 84.210526 | T15: 19 | U15: 16 | V15: =X14 -> 63 | W15: 8 | X15: 57 | Y15: =Z15-Z14 -> -6 | Z15: =W15+N15 -> 34 | AA15: =X15-V15 -> -6 | AB15: 9 | AC15: =AD15-AE15 -> 4 | AD15: =AE14 -> 14 | AE15: 10 | AF15: =(ROUND(((X15-U15-3*F15)/2),0)+F15)/Q15*100-W15+AE15+T15*0.475 -> 67.099766 | AG15: =AVERAGE(AF14,AF15) -> 68.796911 | AH15: =INDEX(ovrTable2,MATCH(INDEX(teamCol2,ROW()),ovrTeamCol2,0),MATCH(MID(INDEX(headerRow2,1,COLUMN()),4,LEN(INDEX(headerRow2,1,COLUMN()))),ovrHeaderRow2,0)) -> 30.5 | AI15: =INDEX(ovrTable2,MATCH(INDEX(teamCol2,ROW()),ovrTeamCol2,0),MATCH(MID(INDEX(headerRow2,1,COLUMN()),4,LEN(INDEX(headerRow2,1,COLUMN()))),ovrHeaderRow2,0)) -> 10.7 | AJ15: =INDEX(ovrTable2,MATCH(INDEX(teamCol2,ROW()),ovrTeamCol2,0),MATCH(MID(INDEX(headerRow2,1,COLUMN()),4,LEN(INDEX(headerRow2,1,COLUMN()))),ovrHeaderRow2,0)) -> 33.8 | AK15: =INDEX(ovrTable2,MATCH(INDEX(teamCol2,ROW()),ovrTeamCol2,0),MATCH(MID(INDEX(headerRow2,1,COLUMN()),4,LEN(INDEX(headerRow2,1,COLUMN()))),ovrHeaderRow2,0)) -> 32 | AL15: =INDEX(ovrTable2,MATCH(INDEX(teamCol2,ROW()),ovrTeamCol2,0),MATCH(MID(INDEX(headerRow2,1,COLUMN()),4,LEN(INDEX(headerRow2,1,COLUMN()))),ovrHeaderRow2,0)) -> 1.27 | AM15: =INDEX(ovrTable2,MATCH(INDEX(teamCol2,ROW()),ovrTeamCol2,0),MATCH(MID(INDEX(headerRow2,1,COLUMN()),4,LEN(INDEX(headerRow2,1,COLUMN()))),ovrHeaderRow2,0)) -> 13.7 | AN15: =INDEX(ovrTable2,MATCH(INDEX(teamCol2,ROW()),ovrTeamCol2,0),MATCH(MID(INDEX(headerRow2,1,COLUMN()),4,LEN(INDEX(headerRow2,1,COLUMN()))),ovrHeaderRow2,0)) -> 33.5 | AO15: =INDEX(ovrTable2,MATCH(INDEX(teamCol2,ROW()),ovrTeamCol2,0),MATCH(MID(INDEX(headerRow2,1,COLUMN()),4,LEN(INDEX(headerRow2,1,COLUMN()))),ovrHeaderRow2,0)) -> 3.2 | ... BK15: =INDEX(ovrTable2,MATCH(INDEX(teamCol2,ROW()),ovrTeamCol2,0),MATCH(MID(INDEX(headerRow2,1,COLUMN()),4,LEN(INDEX(headerRow2,1,COLUMN()))),ovrHeaderRow2,0)) -> 63.863636 | BL15: =INDEX(ovrTable2,MATCH(INDEX(oppCol23,ROW()),ovrTeamCol2,0),MATCH(MID(INDEX(headerRow2,1,COLUMN()),4,LEN(INDEX(headerRow2,1,COLUMN()))),ovrHeaderRow2,0)) -> 30 | BM15: =INDEX(ovrTable2,MATCH(INDEX(oppCol23,ROW()),ovrTeamCol2,0),MATCH(MID(INDEX(headerRow2,1,COLUMN()),4,LEN(INDEX(headerRow2,1,COLUMN()))),ovrHeaderRow2,0)) -> 7.1 | BN15: =INDEX(ovrTable2,MATCH(INDEX(oppCol23,ROW()),ovrTeamCol2,0),MATCH(MID(INDEX(headerRow2,1,COLUMN()),4,LEN(INDEX(headerRow2,1,COLUMN()))),ovrHeaderRow2,0)) -> 35.2 | BO15: =INDEX(ovrTable2,MATCH(INDEX(oppCol23,ROW()),ovrTeamCol2,0),MATCH(MID(INDEX(headerRow2,1,COLUMN()),4,LEN(INDEX(headerRow2,1,COLUMN()))),ovrHeaderRow2,0)) -> 20.4 | BP15: =INDEX(ovrTable2,MATCH(INDEX(oppCol23,ROW()),ovrTeamCol2,0),MATCH(MID(INDEX(headerRow2,1,COLUMN()),4,LEN(INDEX(headerRow2,1,COLUMN()))),ovrHeaderRow2,0)) -> 1.26 | BQ15: =INDEX(ovrTable2,MATCH(INDEX(oppCol23,ROW()),ovrTeamCol2,0),MATCH(MID(INDEX(headerRow2,1,COLUMN()),4,LEN(INDEX(headerRow2,1,COLUMN()))),ovrHeaderRow2,0)) -> 13.1 | BR15: =INDEX(ovrTable2,MATCH(INDEX(oppCol23,ROW()),ovrTeamCol2,0),MATCH(MID(INDEX(headerRow2,1,COLUMN()),4,LEN(INDEX(headerRow2,1,COLUMN()))),ovrHeaderRow2,0)) -> 30.06 | BS15: =INDEX(ovrTable2,MATCH(INDEX(oppCol23,ROW()),ovrTeamCol2,0),MATCH(MID(INDEX(headerRow2,1,COLUMN()),4,LEN(INDEX(headerRow2,1,COLUMN()))),ovrHeaderRow2,0)) -> 3.9 | ... CO15: =INDEX(ovrTable2,MATCH(INDEX(oppCol23,ROW()),ovrTeamCol2,0),MATCH(MID(INDEX(headerRow2,1,COLUMN()),4,LEN(INDEX(headerRow2,1,COLUMN()))),ovrHeaderRow2,0)) -> 58.977273
A16: UVA | B16: 4 | C16: FUR | D16: 8 | E16: =G17 -> 35.714286 | F16: 2 | G16: =F16/H16*100 -> 16.666667 | H16: 12 | I16: =J16/AE16 -> 1.625 | J16: 13 | K16: 17 | L16: 7 | M16: =Q17 -> 39.3 | N16: 30 | O16: =((X16-F16*3-U16)/2+F16*1.5)/(((X16-F16*3-U16)/2+F16)/(G16/100)) -> 0.17361111 | P16: 7 | Q16: 44.4 | R16: 13 | S16: =U16/T16*100 -> 77.272727 | T16: 22 | U16: 17 | V16: =X17 -> 68 | W16: 9 | X16: 67 | Y16: =Z16-Z17 -> 8 | Z16: =W16+N16 -> 39 | AA16: =X16-V16 -> -1 | AB16: 4 | AC16: =AD16-AE16 -> 1 | AD16: =AE17 -> 9 | AE16: 8 | AF16: =(ROUND(((X16-U16-3*F16)/2),0)+F16)/Q16*100-W16+AE16+T16*0.475 -> 63.504054 | AG16: =AVERAGE(AF16,AF17) -> 64.754349 | AH16: =INDEX(ovrTable2,MATCH(INDEX(teamCol2,ROW()),ovrTeamCol2,0),MATCH(MID(INDEX(headerRow2,1,COLUMN()),4,LEN(INDEX(headerRow2,1,COLUMN()))),ovrHeaderRow2,0)) -> 33.8 | AI16: =INDEX(ovrTable2,MATCH(INDEX(teamCol2,ROW()),ovrTeamCol2,0),MATCH(MID(INDEX(headerRow2,1,COLUMN()),4,LEN(INDEX(headerRow2,1,COLUMN()))),ovrHeaderRow2,0)) -> 7 | AJ16: =INDEX(ovrTable2,MATCH(INDEX(teamCol2,ROW()),ovrTeamCol2,0),MATCH(MID(INDEX(headerRow2,1,COLUMN()),4,LEN(INDEX(headerRow2,1,COLUMN()))),ovrHeaderRow2,0)) -> 35.4 | AK16: =INDEX(ovrTable2,MATCH(INDEX(teamCol2,ROW()),ovrTeamCol2,0),MATCH(MID(INDEX(headerRow2,1,COLUMN()),4,LEN(INDEX(headerRow2,1,COLUMN()))),ovrHeaderRow2,0)) -> 19.7 | AL16: =INDEX(ovrTable2,MATCH(INDEX(teamCol2,ROW()),ovrTeamCol2,0),MATCH(MID(INDEX(headerRow2,1,COLUMN()),4,LEN(INDEX(headerRow2,1,COLUMN()))),ovrHeaderRow2,0)) -> 1.95 | AM16: =INDEX(ovrTable2,MATCH(INDEX(teamCol2,ROW()),ovrTeamCol2,0),MATCH(MID(INDEX(headerRow2,1,COLUMN()),4,LEN(INDEX(headerRow2,1,COLUMN()))),ovrHeaderRow2,0)) -> 16.2 | AN16: =INDEX(ovrTable2,MATCH(INDEX(teamCol2,ROW()),ovrTeamCol2,0),MATCH(MID(INDEX(headerRow2,1,COLUMN()),4,LEN(INDEX(headerRow2,1,COLUMN()))),ovrHeaderRow2,0)) -> 16.44 | AO16: =INDEX(ovrTable2,MATCH(INDEX(teamCol2,ROW()),ovrTeamCol2,0),MATCH(MID(INDEX(headerRow2,1,COLUMN()),4,LEN(INDEX(headerRow2,1,COLUMN()))),ovrHeaderRow2,0)) -> 4.2 | ... BK16: =INDEX(ovrTable2,MATCH(INDEX(teamCol2,ROW()),ovrTeamCol2,0),MATCH(MID(INDEX(headerRow2,1,COLUMN()),4,LEN(INDEX(headerRow2,1,COLUMN()))),ovrHeaderRow2,0)) -> 55.444444 | BL16: =INDEX(ovrTable2,MATCH(INDEX(oppCol23,ROW()),ovrTeamCol2,0),MATCH(MID(INDEX(headerRow2,1,COLUMN()),4,LEN(INDEX(headerRow2,1,COLUMN()))),ovrHeaderRow2,0)) -> 32.6 | BM16: =INDEX(ovrTable2,MATCH(INDEX(oppCol23,ROW()),ovrTeamCol2,0),MATCH(MID(INDEX(headerRow2,1,COLUMN()),4,LEN(INDEX(headerRow2,1,COLUMN()))),ovrHeaderRow2,0)) -> 9.4 | BN16: =INDEX(ovrTable2,MATCH(INDEX(oppCol23,ROW()),ovrTeamCol2,0),MATCH(MID(INDEX(headerRow2,1,COLUMN()),4,LEN(INDEX(headerRow2,1,COLUMN()))),ovrHeaderRow2,0)) -> 34.5 | BO16: =INDEX(ovrTable2,MATCH(INDEX(oppCol23,ROW()),ovrTeamCol2,0),MATCH(MID(INDEX(headerRow2,1,COLUMN()),4,LEN(INDEX(headerRow2,1,COLUMN()))),ovrHeaderRow2,0)) -> 29.1 | BP16: =INDEX(ovrTable2,MATCH(INDEX(oppCol23,ROW()),ovrTeamCol2,0),MATCH(MID(INDEX(headerRow2,1,COLUMN()),4,LEN(INDEX(headerRow2,1,COLUMN()))),ovrHeaderRow2,0)) -> 1.64 | BQ16: =INDEX(ovrTable2,MATCH(INDEX(oppCol23,ROW()),ovrTeamCol2,0),MATCH(MID(INDEX(headerRow2,1,COLUMN()),4,LEN(INDEX(headerRow2,1,COLUMN()))),ovrHeaderRow2,0)) -> 17.5 | BR16: =INDEX(ovrTable2,MATCH(INDEX(oppCol23,ROW()),ovrTeamCol2,0),MATCH(MID(INDEX(headerRow2,1,COLUMN()),4,LEN(INDEX(headerRow2,1,COLUMN()))),ovrHeaderRow2,0)) -> 18.86 | BS16: =INDEX(ovrTable2,MATCH(INDEX(oppCol23,ROW()),ovrTeamCol2,0),MATCH(MID(INDEX(headerRow2,1,COLUMN()),4,LEN(INDEX(headerRow2,1,COLUMN()))),ovrHeaderRow2,0)) -> 3.4 | ... CO16: =INDEX(ovrTable2,MATCH(INDEX(oppCol23,ROW()),ovrTeamCol2,0),MATCH(MID(INDEX(headerRow2,1,COLUMN()),4,LEN(INDEX(headerRow2,1,COLUMN()))),ovrHeaderRow2,0)) -> 61.363636
A17: FUR | B17: 13 | C17: UVA | D17: 8 | E17: =G16 -> 16.666667 | F17: 10 | G17: =F17/H17*100 -> 35.714286 | H17: 28 | I17: =J17/AE17 -> 1.3333333 | J17: 12 | K17: 6 | L17: 3 | M17: =Q16 -> 44.4 | N17: 23 | O17: =((X17-F17*3-U17)/2+F17*1.5)/(((X17-F17*3-U17)/2+F17)/(G17/100)) -> 0.43831169 | P17: 8 | Q17: 39.3 | R17: 17 | S17: =U17/T17*100 -> 73.684211 | T17: 19 | U17: 14 | V17: =X16 -> 67 | W17: 8 | X17: 68 | Y17: =Z17-Z16 -> -8 | Z17: =W17+N17 -> 31 | AA17: =X17-V17 -> 1 | AB17: 4 | AC17: =AD17-AE17 -> -1 | AD17: =AE16 -> 8 | AE17: 9 | AF17: =(ROUND(((X17-U17-3*F17)/2),0)+F17)/Q17*100-W17+AE17+T17*0.475 -> 66.004644 | AG17: =AVERAGE(AF16,AF17) -> 64.754349 | AH17: =INDEX(ovrTable2,MATCH(INDEX(teamCol2,ROW()),ovrTeamCol2,0),MATCH(MID(INDEX(headerRow2,1,COLUMN()),4,LEN(INDEX(headerRow2,1,COLUMN()))),ovrHeaderRow2,0)) -> 32.6 | AI17: =INDEX(ovrTable2,MATCH(INDEX(teamCol2,ROW()),ovrTeamCol2,0),MATCH(MID(INDEX(headerRow2,1,COLUMN()),4,LEN(INDEX(headerRow2,1,COLUMN()))),ovrHeaderRow2,0)) -> 9.4 | AJ17: =INDEX(ovrTable2,MATCH(INDEX(teamCol2,ROW()),ovrTeamCol2,0),MATCH(MID(INDEX(headerRow2,1,COLUMN()),4,LEN(INDEX(headerRow2,1,COLUMN()))),ovrHeaderRow2,0)) -> 34.5 | AK17: =INDEX(ovrTable2,MATCH(INDEX(teamCol2,ROW()),ovrTeamCol2,0),MATCH(MID(INDEX(headerRow2,1,COLUMN()),4,LEN(INDEX(headerRow2,1,COLUMN()))),ovrHeaderRow2,0)) -> 29.1 | AL17: =INDEX(ovrTable2,MATCH(INDEX(teamCol2,ROW()),ovrTeamCol2,0),MATCH(MID(INDEX(headerRow2,1,COLUMN()),4,LEN(INDEX(headerRow2,1,COLUMN()))),ovrHeaderRow2,0)) -> 1.64 | AM17: =INDEX(ovrTable2,MATCH(INDEX(teamCol2,ROW()),ovrTeamCol2,0),MATCH(MID(INDEX(headerRow2,1,COLUMN()),4,LEN(INDEX(headerRow2,1,COLUMN()))),ovrHeaderRow2,0)) -> 17.5 | AN17: =INDEX(ovrTable2,MATCH(INDEX(teamCol2,ROW()),ovrTeamCol2,0),MATCH(MID(INDEX(headerRow2,1,COLUMN()),4,LEN(INDEX(headerRow2,1,COLUMN()))),ovrHeaderRow2,0)) -> 18.86 | AO17: =INDEX(ovrTable2,MATCH(INDEX(teamCol2,ROW()),ovrTeamCol2,0),MATCH(MID(INDEX(headerRow2,1,COLUMN()),4,LEN(INDEX(headerRow2,1,COLUMN()))),ovrHeaderRow2,0)) -> 3.4 | ... BK17: =INDEX(ovrTable2,MATCH(INDEX(teamCol2,ROW()),ovrTeamCol2,0),MATCH(MID(INDEX(headerRow2,1,COLUMN()),4,LEN(INDEX(headerRow2,1,COLUMN()))),ovrHeaderRow2,0)) -> 61.363636 | BL17: =INDEX(ovrTable2,MATCH(INDEX(oppCol23,ROW()),ovrTeamCol2,0),MATCH(MID(INDEX(headerRow2,1,COLUMN()),4,LEN(INDEX(headerRow2,1,COLUMN()))),ovrHeaderRow2,0)) -> 33.8 | BM17: =INDEX(ovrTable2,MATCH(INDEX(oppCol23,ROW()),ovrTeamCol2,0),MATCH(MID(INDEX(headerRow2,1,COLUMN()),4,LEN(INDEX(headerRow2,1,COLUMN()))),ovrHeaderRow2,0)) -> 7 | BN17: =INDEX(ovrTable2,MATCH(INDEX(oppCol23,ROW()),ovrTeamCol2,0),MATCH(MID(INDEX(headerRow2,1,COLUMN()),4,LEN(INDEX(headerRow2,1,COLUMN()))),ovrHeaderRow2,0)) -> 35.4 | BO17: =INDEX(ovrTable2,MATCH(INDEX(oppCol23,ROW()),ovrTeamCol2,0),MATCH(MID(INDEX(headerRow2,1,COLUMN()),4,LEN(INDEX(headerRow2,1,COLUMN()))),ovrHeaderRow2,0)) -> 19.7 | BP17: =INDEX(ovrTable2,MATCH(INDEX(oppCol23,ROW()),ovrTeamCol2,0),MATCH(MID(INDEX(headerRow2,1,COLUMN()),4,LEN(INDEX(headerRow2,1,COLUMN()))),ovrHeaderRow2,0)) -> 1.95 | BQ17: =INDEX(ovrTable2,MATCH(INDEX(oppCol23,ROW()),ovrTeamCol2,0),MATCH(MID(INDEX(headerRow2,1,COLUMN()),4,LEN(INDEX(headerRow2,1,COLUMN()))),ovrHeaderRow2,0)) -> 16.2 | BR17: =INDEX(ovrTable2,MATCH(INDEX(oppCol23,ROW()),ovrTeamCol2,0),MATCH(MID(INDEX(headerRow2,1,COLUMN()),4,LEN(INDEX(headerRow2,1,COLUMN()))),ovrHeaderRow2,0)) -> 16.44 | BS17: =INDEX(ovrTable2,MATCH(INDEX(oppCol23,ROW()),ovrTeamCol2,0),MATCH(MID(INDEX(headerRow2,1,COLUMN()),4,LEN(INDEX(headerRow2,1,COLUMN()))),ovrHeaderRow2,0)) -> 4.2 | ... CO17: =INDEX(ovrTable2,MATCH(INDEX(oppCol23,ROW()),ovrTeamCol2,0),MATCH(MID(INDEX(headerRow2,1,COLUMN()),4,LEN(INDEX(headerRow2,1,COLUMN()))),ovrHeaderRow2,0)) -> 55.444444
A18: CREI | B18: 6 | C18: NCSU | D18: 9 | E18: =G19 -> 21.428571 | F18: 3 | G18: =F18/H18*100 -> 15 | H18: 20 | I18: =J18/AE18 -> 1.875 | J18: 15 | K18: 2 | L18: 6 | M18: =Q19 -> 37.5 | N18: 31 | O18: =((X18-F18*3-U18)/2+F18*1.5)/(((X18-F18*3-U18)/2+F18)/(G18/100)) -> 0.15865385 | P18: 4 | Q18: 46.4 | R18: 14 | S18: =U18/T18*100 -> 89.473684 | T18: 19 | U18: 17 | V18: =X19 -> 63 | W18: 3 | X18: 72 | Y18: =Z18-Z19 -> -1 | Z18: =W18+N18 -> 34 | AA18: =X18-V18 -> 9 | AB18: 3 | AC18: =AD18-AE18 -> -2 | AD18: =AE19 -> 6 | AE18: 8 | AF18: =(ROUND(((X18-U18-3*F18)/2),0)+F18)/Q18*100-W18+AE18+T18*0.475 -> 70.059483 | AG18: =AVERAGE(AF18,AF19) -> 69.092241 | AH18: =INDEX(ovrTable2,MATCH(INDEX(teamCol2,ROW()),ovrTeamCol2,0),MATCH(MID(INDEX(headerRow2,1,COLUMN()),4,LEN(INDEX(headerRow2,1,COLUMN()))),ovrHeaderRow2,0)) -> 33.5 | AI18: =INDEX(ovrTable2,MATCH(INDEX(teamCol2,ROW()),ovrTeamCol2,0),MATCH(MID(INDEX(headerRow2,1,COLUMN()),4,LEN(INDEX(headerRow2,1,COLUMN()))),ovrHeaderRow2,0)) -> 8.8 | AJ18: =INDEX(ovrTable2,MATCH(INDEX(teamCol2,ROW()),ovrTeamCol2,0),MATCH(MID(INDEX(headerRow2,1,COLUMN()),4,LEN(INDEX(headerRow2,1,COLUMN()))),ovrHeaderRow2,0)) -> 35.8 | AK18: =INDEX(ovrTable2,MATCH(INDEX(teamCol2,ROW()),ovrTeamCol2,0),MATCH(MID(INDEX(headerRow2,1,COLUMN()),4,LEN(INDEX(headerRow2,1,COLUMN()))),ovrHeaderRow2,0)) -> 24.5 | AL18: =INDEX(ovrTable2,MATCH(INDEX(teamCol2,ROW()),ovrTeamCol2,0),MATCH(MID(INDEX(headerRow2,1,COLUMN()),4,LEN(INDEX(headerRow2,1,COLUMN()))),ovrHeaderRow2,0)) -> 1.49 | AM18: =INDEX(ovrTable2,MATCH(INDEX(teamCol2,ROW()),ovrTeamCol2,0),MATCH(MID(INDEX(headerRow2,1,COLUMN()),4,LEN(INDEX(headerRow2,1,COLUMN()))),ovrHeaderRow2,0)) -> 16 | AN18: =INDEX(ovrTable2,MATCH(INDEX(teamCol2,ROW()),ovrTeamCol2,0),MATCH(MID(INDEX(headerRow2,1,COLUMN()),4,LEN(INDEX(headerRow2,1,COLUMN()))),ovrHeaderRow2,0)) -> 10.76 | AO18: =INDEX(ovrTable2,MATCH(INDEX(teamCol2,ROW()),ovrTeamCol2,0),MATCH(MID(INDEX(headerRow2,1,COLUMN()),4,LEN(INDEX(headerRow2,1,COLUMN()))),ovrHeaderRow2,0)) -> 4.1 | ... BK18: =INDEX(ovrTable2,MATCH(INDEX(teamCol2,ROW()),ovrTeamCol2,0),MATCH(MID(INDEX(headerRow2,1,COLUMN()),4,LEN(INDEX(headerRow2,1,COLUMN()))),ovrHeaderRow2,0)) -> 59.453782 | BL18: =INDEX(ovrTable2,MATCH(INDEX(oppCol23,ROW()),ovrTeamCol2,0),MATCH(MID(INDEX(headerRow2,1,COLUMN()),4,LEN(INDEX(headerRow2,1,COLUMN()))),ovrHeaderRow2,0)) -> 31.8 | BM18: =INDEX(ovrTable2,MATCH(INDEX(oppCol23,ROW()),ovrTeamCol2,0),MATCH(MID(INDEX(headerRow2,1,COLUMN()),4,LEN(INDEX(headerRow2,1,COLUMN()))),ovrHeaderRow2,0)) -> 8.6 | BN18: =INDEX(ovrTable2,MATCH(INDEX(oppCol23,ROW()),ovrTeamCol2,0),MATCH(MID(INDEX(headerRow2,1,COLUMN()),4,LEN(INDEX(headerRow2,1,COLUMN()))),ovrHeaderRow2,0)) -> 35.1 | BO18: =INDEX(ovrTable2,MATCH(INDEX(oppCol23,ROW()),ovrTeamCol2,0),MATCH(MID(INDEX(headerRow2,1,COLUMN()),4,LEN(INDEX(headerRow2,1,COLUMN()))),ovrHeaderRow2,0)) -> 23.8 | BP18: =INDEX(ovrTable2,MATCH(INDEX(oppCol23,ROW()),ovrTeamCol2,0),MATCH(MID(INDEX(headerRow2,1,COLUMN()),4,LEN(INDEX(headerRow2,1,COLUMN()))),ovrHeaderRow2,0)) -> 1.5 | BQ18: =INDEX(ovrTable2,MATCH(INDEX(oppCol23,ROW()),ovrTeamCol2,0),MATCH(MID(INDEX(headerRow2,1,COLUMN()),4,LEN(INDEX(headerRow2,1,COLUMN()))),ovrHeaderRow2,0)) -> 13 | BR18: =INDEX(ovrTable2,MATCH(INDEX(oppCol23,ROW()),ovrTeamCol2,0),MATCH(MID(INDEX(headerRow2,1,COLUMN()),4,LEN(INDEX(headerRow2,1,COLUMN()))),ovrHeaderRow2,0)) -> 14.89 | BS18: =INDEX(ovrTable2,MATCH(INDEX(oppCol23,ROW()),ovrTeamCol2,0),MATCH(MID(INDEX(headerRow2,1,COLUMN()),4,LEN(INDEX(headerRow2,1,COLUMN()))),ovrHeaderRow2,0)) -> 4.2 | ... CO18: =INDEX(ovrTable2,MATCH(INDEX(oppCol23,ROW()),ovrTeamCol2,0),MATCH(MID(INDEX(headerRow2,1,COLUMN()),4,LEN(INDEX(headerRow2,1,COLUMN()))),ovrHeaderRow2,0)) -> 66.371681
A19: NCSU | B19: 11 | C19: CREI | D19: 9 | E19: =G18 -> 15 | F19: 3 | G19: =F19/H19*100 -> 21.428571 | H19: 14 | I19: =J19/AE19 -> 0.5 | J19: 3 | K19: 4 | L19: 1 | M19: =Q18 -> 46.4 | N19: 26 | O19: =((X19-F19*3-U19)/2+F19*1.5)/(((X19-F19*3-U19)/2+F19)/(G19/100)) -> 0.22767857 | P19: 4 | Q19: 37.5 | R19: 18 | S19: =U19/T19*100 -> 80 | T19: 15 | U19: 12 | V19: =X18 -> 72 | W19: 9 | X19: 63 | Y19: =Z19-Z18 -> 1 | Z19: =W19+N19 -> 35 | AA19: =X19-V19 -> -9 | AB19: 4 | AC19: =AD19-AE19 -> 2 | AD19: =AE18 -> 8 | AE19: 6 | AF19: =(ROUND(((X19-U19-3*F19)/2),0)+F19)/Q19*100-W19+AE19+T19*0.475 -> 68.125 | AG19: =AVERAGE(AF18,AF19) -> 69.092241 | AH19: =INDEX(ovrTable2,MATCH(INDEX(teamCol2,ROW()),ovrTeamCol2,0),MATCH(MID(INDEX(headerRow2,1,COLUMN()),4,LEN(INDEX(headerRow2,1,COLUMN()))),ovrHeaderRow2,0)) -> 31.8 | AI19: =INDEX(ovrTable2,MATCH(INDEX(teamCol2,ROW()),ovrTeamCol2,0),MATCH(MID(INDEX(headerRow2,1,COLUMN()),4,LEN(INDEX(headerRow2,1,COLUMN()))),ovrHeaderRow2,0)) -> 8.6 | AJ19: =INDEX(ovrTable2,MATCH(INDEX(teamCol2,ROW()),ovrTeamCol2,0),MATCH(MID(INDEX(headerRow2,1,COLUMN()),4,LEN(INDEX(headerRow2,1,COLUMN()))),ovrHeaderRow2,0)) -> 35.1 | AK19: =INDEX(ovrTable2,MATCH(INDEX(teamCol2,ROW()),ovrTeamCol2,0),MATCH(MID(INDEX(headerRow2,1,COLUMN()),4,LEN(INDEX(headerRow2,1,COLUMN()))),ovrHeaderRow2,0)) -> 23.8 | AL19: =INDEX(ovrTable2,MATCH(INDEX(teamCol2,ROW()),ovrTeamCol2,0),MATCH(MID(INDEX(headerRow2,1,COLUMN()),4,LEN(INDEX(headerRow2,1,COLUMN()))),ovrHeaderRow2,0)) -> 1.5 | AM19: =INDEX(ovrTable2,MATCH(INDEX(teamCol2,ROW()),ovrTeamCol2,0),MATCH(MID(INDEX(headerRow2,1,COLUMN()),4,LEN(INDEX(headerRow2,1,COLUMN()))),ovrHeaderRow2,0)) -> 13 | AN19: =INDEX(ovrTable2,MATCH(INDEX(teamCol2,ROW()),ovrTeamCol2,0),MATCH(MID(INDEX(headerRow2,1,COLUMN()),4,LEN(INDEX(headerRow2,1,COLUMN()))),ovrHeaderRow2,0)) -> 14.89 | AO19: =INDEX(ovrTable2,MATCH(INDEX(teamCol2,ROW()),ovrTeamCol2,0),MATCH(MID(INDEX(headerRow2,1,COLUMN()),4,LEN(INDEX(headerRow2,1,COLUMN()))),ovrHeaderRow2,0)) -> 4.2 | ... BK19: =INDEX(ovrTable2,MATCH(INDEX(teamCol2,ROW()),ovrTeamCol2,0),MATCH(MID(INDEX(headerRow2,1,COLUMN()),4,LEN(INDEX(headerRow2,1,COLUMN()))),ovrHeaderRow2,0)) -> 66.371681 | BL19: =INDEX(ovrTable2,MATCH(INDEX(oppCol23,ROW()),ovrTeamCol2,0),MATCH(MID(INDEX(headerRow2,1,COLUMN()),4,LEN(INDEX(headerRow2,1,COLUMN()))),ovrHeaderRow2,0)) -> 33.5 | BM19: =INDEX(ovrTable2,MATCH(INDEX(oppCol23,ROW()),ovrTeamCol2,0),MATCH(MID(INDEX(headerRow2,1,COLUMN()),4,LEN(INDEX(headerRow2,1,COLUMN()))),ovrHeaderRow2,0)) -> 8.8 | BN19: =INDEX(ovrTable2,MATCH(INDEX(oppCol23,ROW()),ovrTeamCol2,0),MATCH(MID(INDEX(headerRow2,1,COLUMN()),4,LEN(INDEX(headerRow2,1,COLUMN()))),ovrHeaderRow2,0)) -> 35.8 | BO19: =INDEX(ovrTable2,MATCH(INDEX(oppCol23,ROW()),ovrTeamCol2,0),MATCH(MID(INDEX(headerRow2,1,COLUMN()),4,LEN(INDEX(headerRow2,1,COLUMN()))),ovrHeaderRow2,0)) -> 24.5 | BP19: =INDEX(ovrTable2,MATCH(INDEX(oppCol23,ROW()),ovrTeamCol2,0),MATCH(MID(INDEX(headerRow2,1,COLUMN()),4,LEN(INDEX(headerRow2,1,COLUMN()))),ovrHeaderRow2,0)) -> 1.49 | BQ19: =INDEX(ovrTable2,MATCH(INDEX(oppCol23,ROW()),ovrTeamCol2,0),MATCH(MID(INDEX(headerRow2,1,COLUMN()),4,LEN(INDEX(headerRow2,1,COLUMN()))),ovrHeaderRow2,0)) -> 16 | BR19: =INDEX(ovrTable2,MATCH(INDEX(oppCol23,ROW()),ovrTeamCol2,0),MATCH(MID(INDEX(headerRow2,1,COLUMN()),4,LEN(INDEX(headerRow2,1,COLUMN()))),ovrHeaderRow2,0)) -> 10.76 | BS19: =INDEX(ovrTable2,MATCH(INDEX(oppCol23,ROW()),ovrTeamCol2,0),MATCH(MID(INDEX(headerRow2,1,COLUMN()),4,LEN(INDEX(headerRow2,1,COLUMN()))),ovrHeaderRow2,0)) -> 4.1 | ... CO19: =INDEX(ovrTable2,MATCH(INDEX(oppCol23,ROW()),ovrTeamCol2,0),MATCH(MID(INDEX(headerRow2,1,COLUMN()),4,LEN(INDEX(headerRow2,1,COLUMN()))),ovrHeaderRow2,0)) -> 59.453782
A20: BAY | B20: 3 | C20: UCSB | D20: 10 | E20: =G21 -> 25 | F20: 8 | G20: =F20/H20*100 -> 36.363636 | H20: 22 | I20: =J20/AE20 -> 1.5555556 | J20: 14 | K20: 23 | L20: 1 | M20: =Q21 -> 46.9 | N20: 22 | O20: =((X20-F20*3-U20)/2+F20*1.5)/(((X20-F20*3-U20)/2+F20)/(G20/100)) -> 0.41558442 | P20: 2 | Q20: 54.9 | R20: 13 | S20: =U20/T20*100 -> 62.5 | T20: 16 | U20: 10 | V20: =X21 -> 56 | W20: 7 | X20: 74 | Y20: =Z20-Z21 -> 6 | Z20: =W20+N20 -> 29 | AA20: =X20-V20 -> 18 | AB20: 5 | AC20: =AD20-AE20 -> 5 | AD20: =AE21 -> 14 | AE20: 9 | AF20: =(ROUND(((X20-U20-3*F20)/2),0)+F20)/Q20*100-W20+AE20+T20*0.475 -> 60.601821 | AG20: =AVERAGE(AF20,AF21) -> 61.958667 | AH20: =INDEX(ovrTable2,MATCH(INDEX(teamCol2,ROW()),ovrTeamCol2,0),MATCH(MID(INDEX(headerRow2,1,COLUMN()),4,LEN(INDEX(headerRow2,1,COLUMN()))),ovrHeaderRow2,0)) -> 32.2 | AI20: =INDEX(ovrTable2,MATCH(INDEX(teamCol2,ROW()),ovrTeamCol2,0),MATCH(MID(INDEX(headerRow2,1,COLUMN()),4,LEN(INDEX(headerRow2,1,COLUMN()))),ovrHeaderRow2,0)) -> 9.9 | AJ20: =INDEX(ovrTable2,MATCH(INDEX(teamCol2,ROW()),ovrTeamCol2,0),MATCH(MID(INDEX(headerRow2,1,COLUMN()),4,LEN(INDEX(headerRow2,1,COLUMN()))),ovrHeaderRow2,0)) -> 36.6 | AK20: =INDEX(ovrTable2,MATCH(INDEX(teamCol2,ROW()),ovrTeamCol2,0),MATCH(MID(INDEX(headerRow2,1,COLUMN()),4,LEN(INDEX(headerRow2,1,COLUMN()))),ovrHeaderRow2,0)) -> 25.4 | AL20: =INDEX(ovrTable2,MATCH(INDEX(teamCol2,ROW()),ovrTeamCol2,0),MATCH(MID(INDEX(headerRow2,1,COLUMN()),4,LEN(INDEX(headerRow2,1,COLUMN()))),ovrHeaderRow2,0)) -> 1.3 | AM20: =INDEX(ovrTable2,MATCH(INDEX(teamCol2,ROW()),ovrTeamCol2,0),MATCH(MID(INDEX(headerRow2,1,COLUMN()),4,LEN(INDEX(headerRow2,1,COLUMN()))),ovrHeaderRow2,0)) -> 14.7 | AN20: =INDEX(ovrTable2,MATCH(INDEX(teamCol2,ROW()),ovrTeamCol2,0),MATCH(MID(INDEX(headerRow2,1,COLUMN()),4,LEN(INDEX(headerRow2,1,COLUMN()))),ovrHeaderRow2,0)) -> 17.3 | AO20: =INDEX(ovrTable2,MATCH(INDEX(teamCol2,ROW()),ovrTeamCol2,0),MATCH(MID(INDEX(headerRow2,1,COLUMN()),4,LEN(INDEX(headerRow2,1,COLUMN()))),ovrHeaderRow2,0)) -> 2.4 | ... BK20: =INDEX(ovrTable2,MATCH(INDEX(teamCol2,ROW()),ovrTeamCol2,0),MATCH(MID(INDEX(headerRow2,1,COLUMN()),4,LEN(INDEX(headerRow2,1,COLUMN()))),ovrHeaderRow2,0)) -> 57.538803 | BL20: =INDEX(ovrTable2,MATCH(INDEX(oppCol23,ROW()),ovrTeamCol2,0),MATCH(MID(INDEX(headerRow2,1,COLUMN()),4,LEN(INDEX(headerRow2,1,COLUMN()))),ovrHeaderRow2,0)) -> 33.9 | BM20: =INDEX(ovrTable2,MATCH(INDEX(oppCol23,ROW()),ovrTeamCol2,0),MATCH(MID(INDEX(headerRow2,1,COLUMN()),4,LEN(INDEX(headerRow2,1,COLUMN()))),ovrHeaderRow2,0)) -> 5.7 | BN20: =INDEX(ovrTable2,MATCH(INDEX(oppCol23,ROW()),ovrTeamCol2,0),MATCH(MID(INDEX(headerRow2,1,COLUMN()),4,LEN(INDEX(headerRow2,1,COLUMN()))),ovrHeaderRow2,0)) -> 35.2 | BO20: =INDEX(ovrTable2,MATCH(INDEX(oppCol23,ROW()),ovrTeamCol2,0),MATCH(MID(INDEX(headerRow2,1,COLUMN()),4,LEN(INDEX(headerRow2,1,COLUMN()))),ovrHeaderRow2,0)) -> 16.9 | BP20: =INDEX(ovrTable2,MATCH(INDEX(oppCol23,ROW()),ovrTeamCol2,0),MATCH(MID(INDEX(headerRow2,1,COLUMN()),4,LEN(INDEX(headerRow2,1,COLUMN()))),ovrHeaderRow2,0)) -> 1.38 | BQ20: =INDEX(ovrTable2,MATCH(INDEX(oppCol23,ROW()),ovrTeamCol2,0),MATCH(MID(INDEX(headerRow2,1,COLUMN()),4,LEN(INDEX(headerRow2,1,COLUMN()))),ovrHeaderRow2,0)) -> 14.6 | BR20: =INDEX(ovrTable2,MATCH(INDEX(oppCol23,ROW()),ovrTeamCol2,0),MATCH(MID(INDEX(headerRow2,1,COLUMN()),4,LEN(INDEX(headerRow2,1,COLUMN()))),ovrHeaderRow2,0)) -> 15.14 | BS20: =INDEX(ovrTable2,MATCH(INDEX(oppCol23,ROW()),ovrTeamCol2,0),MATCH(MID(INDEX(headerRow2,1,COLUMN()),4,LEN(INDEX(headerRow2,1,COLUMN()))),ovrHeaderRow2,0)) -> 2.4 | ... CO20: =INDEX(ovrTable2,MATCH(INDEX(oppCol23,ROW()),ovrTeamCol2,0),MATCH(MID(INDEX(headerRow2,1,COLUMN()),4,LEN(INDEX(headerRow2,1,COLUMN()))),ovrHeaderRow2,0)) -> 54.747475
A21: UCSB | B21: 14 | C21: BAY | D21: 10 | E21: =G20 -> 36.363636 | F21: 4 | G21: =F21/H21*100 -> 25 | H21: 16 | I21: =J21/AE21 -> 0.85714286 | J21: 12 | K21: 14 | L21: 1 | M21: =Q20 -> 54.9 | N21: 19 | O21: =((X21-F21*3-U21)/2+F21*1.5)/(((X21-F21*3-U21)/2+F21)/(G21/100)) -> 0.27173913 | P21: 3 | Q21: 46.9 | R21: 15 | S21: =U21/T21*100 -> 66.666667 | T21: 9 | U21: 6 | V21: =X20 -> 74 | W21: 4 | X21: 56 | Y21: =Z21-Z20 -> -6 | Z21: =W21+N21 -> 23 | AA21: =X21-V21 -> -18 | AB21: 3 | AC21: =AD21-AE21 -> -5 | AD21: =AE20 -> 9 | AE21: 14 | AF21: =(ROUND(((X21-U21-3*F21)/2),0)+F21)/Q21*100-W21+AE21+T21*0.475 -> 63.315512 | AG21: =AVERAGE(AF20,AF21) -> 61.958667 | AH21: =INDEX(ovrTable2,MATCH(INDEX(teamCol2,ROW()),ovrTeamCol2,0),MATCH(MID(INDEX(headerRow2,1,COLUMN()),4,LEN(INDEX(headerRow2,1,COLUMN()))),ovrHeaderRow2,0)) -> 33.9 | AI21: =INDEX(ovrTable2,MATCH(INDEX(teamCol2,ROW()),ovrTeamCol2,0),MATCH(MID(INDEX(headerRow2,1,COLUMN()),4,LEN(INDEX(headerRow2,1,COLUMN()))),ovrHeaderRow2,0)) -> 5.7 | AJ21: =INDEX(ovrTable2,MATCH(INDEX(teamCol2,ROW()),ovrTeamCol2,0),MATCH(MID(INDEX(headerRow2,1,COLUMN()),4,LEN(INDEX(headerRow2,1,COLUMN()))),ovrHeaderRow2,0)) -> 35.2 | AK21: =INDEX(ovrTable2,MATCH(INDEX(teamCol2,ROW()),ovrTeamCol2,0),MATCH(MID(INDEX(headerRow2,1,COLUMN()),4,LEN(INDEX(headerRow2,1,COLUMN()))),ovrHeaderRow2,0)) -> 16.9 | AL21: =INDEX(ovrTable2,MATCH(INDEX(teamCol2,ROW()),ovrTeamCol2,0),MATCH(MID(INDEX(headerRow2,1,COLUMN()),4,LEN(INDEX(headerRow2,1,COLUMN()))),ovrHeaderRow2,0)) -> 1.38 | AM21: =INDEX(ovrTable2,MATCH(INDEX(teamCol2,ROW()),ovrTeamCol2,0),MATCH(MID(INDEX(headerRow2,1,COLUMN()),4,LEN(INDEX(headerRow2,1,COLUMN()))),ovrHeaderRow2,0)) -> 14.6 | AN21: =INDEX(ovrTable2,MATCH(INDEX(teamCol2,ROW()),ovrTeamCol2,0),MATCH(MID(INDEX(headerRow2,1,COLUMN()),4,LEN(INDEX(headerRow2,1,COLUMN()))),ovrHeaderRow2,0)) -> 15.14 | AO21: =INDEX(ovrTable2,MATCH(INDEX(teamCol2,ROW()),ovrTeamCol2,0),MATCH(MID(INDEX(headerRow2,1,COLUMN()),4,LEN(INDEX(headerRow2,1,COLUMN()))),ovrHeaderRow2,0)) -> 2.4 | ... BK21: =INDEX(ovrTable2,MATCH(INDEX(teamCol2,ROW()),ovrTeamCol2,0),MATCH(MID(INDEX(headerRow2,1,COLUMN()),4,LEN(INDEX(headerRow2,1,COLUMN()))),ovrHeaderRow2,0)) -> 54.747475 | BL21: =INDEX(ovrTable2,MATCH(INDEX(oppCol23,ROW()),ovrTeamCol2,0),MATCH(MID(INDEX(headerRow2,1,COLUMN()),4,LEN(INDEX(headerRow2,1,COLUMN()))),ovrHeaderRow2,0)) -> 32.2 | BM21: =INDEX(ovrTable2,MATCH(INDEX(oppCol23,ROW()),ovrTeamCol2,0),MATCH(MID(INDEX(headerRow2,1,COLUMN()),4,LEN(INDEX(headerRow2,1,COLUMN()))),ovrHeaderRow2,0)) -> 9.9 | BN21: =INDEX(ovrTable2,MATCH(INDEX(oppCol23,ROW()),ovrTeamCol2,0),MATCH(MID(INDEX(headerRow2,1,COLUMN()),4,LEN(INDEX(headerRow2,1,COLUMN()))),ovrHeaderRow2,0)) -> 36.6 | BO21: =INDEX(ovrTable2,MATCH(INDEX(oppCol23,ROW()),ovrTeamCol2,0),MATCH(MID(INDEX(headerRow2,1,COLUMN()),4,LEN(INDEX(headerRow2,1,COLUMN()))),ovrHeaderRow2,0)) -> 25.4 | BP21: =INDEX(ovrTable2,MATCH(INDEX(oppCol23,ROW()),ovrTeamCol2,0),MATCH(MID(INDEX(headerRow2,1,COLUMN()),4,LEN(INDEX(headerRow2,1,COLUMN()))),ovrHeaderRow2,0)) -> 1.3 | BQ21: =INDEX(ovrTable2,MATCH(INDEX(oppCol23,ROW()),ovrTeamCol2,0),MATCH(MID(INDEX(headerRow2,1,COLUMN()),4,LEN(INDEX(headerRow2,1,COLUMN()))),ovrHeaderRow2,0)) -> 14.7 | BR21: =INDEX(ovrTable2,MATCH(INDEX(oppCol23,ROW()),ovrTeamCol2,0),MATCH(MID(INDEX(headerRow2,1,COLUMN()),4,LEN(INDEX(headerRow2,1,COLUMN()))),ovrHeaderRow2,0)) -> 17.3 | BS21: =INDEX(ovrTable2,MATCH(INDEX(oppCol23,ROW()),ovrTeamCol2,0),MATCH(MID(INDEX(headerRow2,1,COLUMN()),4,LEN(INDEX(headerRow2,1,COLUMN()))),ovrHeaderRow2,0)) -> 2.4 | ... CO21: =INDEX(ovrTable2,MATCH(INDEX(oppCol23,ROW()),ovrTeamCol2,0),MATCH(MID(INDEX(headerRow2,1,COLUMN()),4,LEN(INDEX(headerRow2,1,COLUMN()))),ovrHeaderRow2,0)) -> 57.538803
A22: MIZ | B22: 7 | C22: USU | D22: 11 | E22: =G23 -> 16.666667 | F22: 10 | G22: =F22/H22*100 -> 40 | H22: 25 | I22: =J22/AE22 -> 1.6 | J22: 16 | K22: 8 | L22: 2 | M22: =Q23 -> 47.5 | N22: 24 | O22: =((X22-F22*3-U22)/2+F22*1.5)/(((X22-F22*3-U22)/2+F22)/(G22/100)) -> 0.47407407 | P22: 15 | Q22: 50.9 | R22: 15 | S22: =U22/T22*100 -> 66.666667 | T22: 18 | U22: 12 | V22: =X23 -> 65 | W22: 3 | X22: 76 | Y22: =Z22-Z23 -> -6 | Z22: =W22+N22 -> 27 | AA22: =X22-V22 -> 11 | AB22: 9 | AC22: =AD22-AE22 -> 5 | AD22: =AE23 -> 15 | AE22: 10 | AF22: =(ROUND(((X22-U22-3*F22)/2),0)+F22)/Q22*100-W22+AE22+T22*0.475 -> 68.595187 | AG22: =AVERAGE(AF22,AF23) -> 68.671278 | AH22: =INDEX(ovrTable2,MATCH(INDEX(teamCol2,ROW()),ovrTeamCol2,0),MATCH(MID(INDEX(headerRow2,1,COLUMN()),4,LEN(INDEX(headerRow2,1,COLUMN()))),ovrHeaderRow2,0)) -> 34.4 | AI22: =INDEX(ovrTable2,MATCH(INDEX(teamCol2,ROW()),ovrTeamCol2,0),MATCH(MID(INDEX(headerRow2,1,COLUMN()),4,LEN(INDEX(headerRow2,1,COLUMN()))),ovrHeaderRow2,0)) -> 9.4 | AJ22: =INDEX(ovrTable2,MATCH(INDEX(teamCol2,ROW()),ovrTeamCol2,0),MATCH(MID(INDEX(headerRow2,1,COLUMN()),4,LEN(INDEX(headerRow2,1,COLUMN()))),ovrHeaderRow2,0)) -> 35.9 | AK22: =INDEX(ovrTable2,MATCH(INDEX(teamCol2,ROW()),ovrTeamCol2,0),MATCH(MID(INDEX(headerRow2,1,COLUMN()),4,LEN(INDEX(headerRow2,1,COLUMN()))),ovrHeaderRow2,0)) -> 25.4 | AL22: =INDEX(ovrTable2,MATCH(INDEX(teamCol2,ROW()),ovrTeamCol2,0),MATCH(MID(INDEX(headerRow2,1,COLUMN()),4,LEN(INDEX(headerRow2,1,COLUMN()))),ovrHeaderRow2,0)) -> 1.59 | AM22: =INDEX(ovrTable2,MATCH(INDEX(teamCol2,ROW()),ovrTeamCol2,0),MATCH(MID(INDEX(headerRow2,1,COLUMN()),4,LEN(INDEX(headerRow2,1,COLUMN()))),ovrHeaderRow2,0)) -> 16.2 | AN22: =INDEX(ovrTable2,MATCH(INDEX(teamCol2,ROW()),ovrTeamCol2,0),MATCH(MID(INDEX(headerRow2,1,COLUMN()),4,LEN(INDEX(headerRow2,1,COLUMN()))),ovrHeaderRow2,0)) -> 28.79 | AO22: =INDEX(ovrTable2,MATCH(INDEX(teamCol2,ROW()),ovrTeamCol2,0),MATCH(MID(INDEX(headerRow2,1,COLUMN()),4,LEN(INDEX(headerRow2,1,COLUMN()))),ovrHeaderRow2,0)) -> 2.8 | ... BK22: =INDEX(ovrTable2,MATCH(INDEX(teamCol2,ROW()),ovrTeamCol2,0),MATCH(MID(INDEX(headerRow2,1,COLUMN()),4,LEN(INDEX(headerRow2,1,COLUMN()))),ovrHeaderRow2,0)) -> 60.901468 | BL22: =INDEX(ovrTable2,MATCH(INDEX(oppCol23,ROW()),ovrTeamCol2,0),MATCH(MID(INDEX(headerRow2,1,COLUMN()),4,LEN(INDEX(headerRow2,1,COLUMN()))),ovrHeaderRow2,0)) -> 34.3 | BM22: =INDEX(ovrTable2,MATCH(INDEX(oppCol23,ROW()),ovrTeamCol2,0),MATCH(MID(INDEX(headerRow2,1,COLUMN()),4,LEN(INDEX(headerRow2,1,COLUMN()))),ovrHeaderRow2,0)) -> 9.4 | BN22: =INDEX(ovrTable2,MATCH(INDEX(oppCol23,ROW()),ovrTeamCol2,0),MATCH(MID(INDEX(headerRow2,1,COLUMN()),4,LEN(INDEX(headerRow2,1,COLUMN()))),ovrHeaderRow2,0)) -> 39 | BO22: =INDEX(ovrTable2,MATCH(INDEX(oppCol23,ROW()),ovrTeamCol2,0),MATCH(MID(INDEX(headerRow2,1,COLUMN()),4,LEN(INDEX(headerRow2,1,COLUMN()))),ovrHeaderRow2,0)) -> 24.1 | BP22: =INDEX(ovrTable2,MATCH(INDEX(oppCol23,ROW()),ovrTeamCol2,0),MATCH(MID(INDEX(headerRow2,1,COLUMN()),4,LEN(INDEX(headerRow2,1,COLUMN()))),ovrHeaderRow2,0)) -> 1.54 | BQ22: =INDEX(ovrTable2,MATCH(INDEX(oppCol23,ROW()),ovrTeamCol2,0),MATCH(MID(INDEX(headerRow2,1,COLUMN()),4,LEN(INDEX(headerRow2,1,COLUMN()))),ovrHeaderRow2,0)) -> 17.8 | BR22: =INDEX(ovrTable2,MATCH(INDEX(oppCol23,ROW()),ovrTeamCol2,0),MATCH(MID(INDEX(headerRow2,1,COLUMN()),4,LEN(INDEX(headerRow2,1,COLUMN()))),ovrHeaderRow2,0)) -> 26.91 | BS22: =INDEX(ovrTable2,MATCH(INDEX(oppCol23,ROW()),ovrTeamCol2,0),MATCH(MID(INDEX(headerRow2,1,COLUMN()),4,LEN(INDEX(headerRow2,1,COLUMN()))),ovrHeaderRow2,0)) -> 3.6 | ... CO22: =INDEX(ovrTable2,MATCH(INDEX(oppCol23,ROW()),ovrTeamCol2,0),MATCH(MID(INDEX(headerRow2,1,COLUMN()),4,LEN(INDEX(headerRow2,1,COLUMN()))),ovrHeaderRow2,0)) -> 57.954545
A23: USU | B23: 10 | C23: MIZ | D23: 11 | E23: =G22 -> 40 | F23: 4 | G23: =F23/H23*100 -> 16.666667 | H23: 24 | I23: =J23/AE23 -> 0.8 | J23: 12 | K23: 18 | L23: 2 | M23: =Q22 -> 50.9 | N23: 24 | O23: =((X23-F23*3-U23)/2+F23*1.5)/(((X23-F23*3-U23)/2+F23)/(G23/100)) -> 0.17857143 | P23: 15 | Q23: 47.5 | R23: 12 | S23: =U23/T23*100 -> 62.5 | T23: 8 | U23: 5 | V23: =X22 -> 76 | W23: 9 | X23: 65 | Y23: =Z23-Z22 -> 6 | Z23: =W23+N23 -> 33 | AA23: =X23-V23 -> -11 | AB23: 5 | AC23: =AD23-AE23 -> -5 | AD23: =AE22 -> 10 | AE23: 15 | AF23: =(ROUND(((X23-U23-3*F23)/2),0)+F23)/Q23*100-W23+AE23+T23*0.475 -> 68.747368 | AG23: =AVERAGE(AF22,AF23) -> 68.671278 | AH23: =INDEX(ovrTable2,MATCH(INDEX(teamCol2,ROW()),ovrTeamCol2,0),MATCH(MID(INDEX(headerRow2,1,COLUMN()),4,LEN(INDEX(headerRow2,1,COLUMN()))),ovrHeaderRow2,0)) -> 34.3 | AI23: =INDEX(ovrTable2,MATCH(INDEX(teamCol2,ROW()),ovrTeamCol2,0),MATCH(MID(INDEX(headerRow2,1,COLUMN()),4,LEN(INDEX(headerRow2,1,COLUMN()))),ovrHeaderRow2,0)) -> 9.4 | AJ23: =INDEX(ovrTable2,MATCH(INDEX(teamCol2,ROW()),ovrTeamCol2,0),MATCH(MID(INDEX(headerRow2,1,COLUMN()),4,LEN(INDEX(headerRow2,1,COLUMN()))),ovrHeaderRow2,0)) -> 39 | AK23: =INDEX(ovrTable2,MATCH(INDEX(teamCol2,ROW()),ovrTeamCol2,0),MATCH(MID(INDEX(headerRow2,1,COLUMN()),4,LEN(INDEX(headerRow2,1,COLUMN()))),ovrHeaderRow2,0)) -> 24.1 | AL23: =INDEX(ovrTable2,MATCH(INDEX(teamCol2,ROW()),ovrTeamCol2,0),MATCH(MID(INDEX(headerRow2,1,COLUMN()),4,LEN(INDEX(headerRow2,1,COLUMN()))),ovrHeaderRow2,0)) -> 1.54 | AM23: =INDEX(ovrTable2,MATCH(INDEX(teamCol2,ROW()),ovrTeamCol2,0),MATCH(MID(INDEX(headerRow2,1,COLUMN()),4,LEN(INDEX(headerRow2,1,COLUMN()))),ovrHeaderRow2,0)) -> 17.8 | AN23: =INDEX(ovrTable2,MATCH(INDEX(teamCol2,ROW()),ovrTeamCol2,0),MATCH(MID(INDEX(headerRow2,1,COLUMN()),4,LEN(INDEX(headerRow2,1,COLUMN()))),ovrHeaderRow2,0)) -> 26.91 | AO23: =INDEX(ovrTable2,MATCH(INDEX(teamCol2,ROW()),ovrTeamCol2,0),MATCH(MID(INDEX(headerRow2,1,COLUMN()),4,LEN(INDEX(headerRow2,1,COLUMN()))),ovrHeaderRow2,0)) -> 3.6 | ... BK23: =INDEX(ovrTable2,MATCH(INDEX(teamCol2,ROW()),ovrTeamCol2,0),MATCH(MID(INDEX(headerRow2,1,COLUMN()),4,LEN(INDEX(headerRow2,1,COLUMN()))),ovrHeaderRow2,0)) -> 57.954545 | BL23: =INDEX(ovrTable2,MATCH(INDEX(oppCol23,ROW()),ovrTeamCol2,0),MATCH(MID(INDEX(headerRow2,1,COLUMN()),4,LEN(INDEX(headerRow2,1,COLUMN()))),ovrHeaderRow2,0)) -> 34.4 | BM23: =INDEX(ovrTable2,MATCH(INDEX(oppCol23,ROW()),ovrTeamCol2,0),MATCH(MID(INDEX(headerRow2,1,COLUMN()),4,LEN(INDEX(headerRow2,1,COLUMN()))),ovrHeaderRow2,0)) -> 9.4 | BN23: =INDEX(ovrTable2,MATCH(INDEX(oppCol23,ROW()),ovrTeamCol2,0),MATCH(MID(INDEX(headerRow2,1,COLUMN()),4,LEN(INDEX(headerRow2,1,COLUMN()))),ovrHeaderRow2,0)) -> 35.9 | BO23: =INDEX(ovrTable2,MATCH(INDEX(oppCol23,ROW()),ovrTeamCol2,0),MATCH(MID(INDEX(headerRow2,1,COLUMN()),4,LEN(INDEX(headerRow2,1,COLUMN()))),ovrHeaderRow2,0)) -> 25.4 | BP23: =INDEX(ovrTable2,MATCH(INDEX(oppCol23,ROW()),ovrTeamCol2,0),MATCH(MID(INDEX(headerRow2,1,COLUMN()),4,LEN(INDEX(headerRow2,1,COLUMN()))),ovrHeaderRow2,0)) -> 1.59 | BQ23: =INDEX(ovrTable2,MATCH(INDEX(oppCol23,ROW()),ovrTeamCol2,0),MATCH(MID(INDEX(headerRow2,1,COLUMN()),4,LEN(INDEX(headerRow2,1,COLUMN()))),ovrHeaderRow2,0)) -> 16.2 | BR23: =INDEX(ovrTable2,MATCH(INDEX(oppCol23,ROW()),ovrTeamCol2,0),MATCH(MID(INDEX(headerRow2,1,COLUMN()),4,LEN(INDEX(headerRow2,1,COLUMN()))),ovrHeaderRow2,0)) -> 28.79 | BS23: =INDEX(ovrTable2,MATCH(INDEX(oppCol23,ROW()),ovrTeamCol2,0),MATCH(MID(INDEX(headerRow2,1,COLUMN()),4,LEN(INDEX(headerRow2,1,COLUMN()))),ovrHeaderRow2,0)) -> 2.8 | ... CO23: =INDEX(ovrTable2,MATCH(INDEX(oppCol23,ROW()),ovrTeamCol2,0),MATCH(MID(INDEX(headerRow2,1,COLUMN()),4,LEN(INDEX(headerRow2,1,COLUMN()))),ovrHeaderRow2,0)) -> 60.901468
A24: ARIZ | B24: 2 | C24: PRIN | D24: 12 | E24: =G25 -> 16 | F24: 3 | G24: =F24/H24*100 -> 18.75 | H24: 16 | I24: =J24/AE24 -> 0.76923077 | J24: 10 | K24: 7 | L24: 1 | M24: =Q25 -> 40.6 | N24: 30 | O24: =((X24-F24*3-U24)/2+F24*1.5)/(((X24-F24*3-U24)/2+F24)/(G24/100)) -> 0.19921875 | P24: 8 | Q24: 42.1 | R24: 14 | S24: =U24/T24*100 -> 57.142857 | T24: 7 | U24: 4 | V24: =X25 -> 59 | W24: 7 | X24: 55 | Y24: =Z24-Z25 -> -1 | Z24: =W24+N24 -> 37 | AA24: =X24-V24 -> -4 | AB24: 5 | AC24: =AD24-AE24 -> -2 | AD24: =AE25 -> 11 | AE24: 13 | AF24: =(ROUND(((X24-U24-3*F24)/2),0)+F24)/Q24*100-W24+AE24+T24*0.475 -> 66.332126 | AG24: =AVERAGE(AF24,AF25) -> 67.373267 | AH24: =INDEX(ovrTable2,MATCH(INDEX(teamCol2,ROW()),ovrTeamCol2,0),MATCH(MID(INDEX(headerRow2,1,COLUMN()),4,LEN(INDEX(headerRow2,1,COLUMN()))),ovrHeaderRow2,0)) -> 32 | AI24: =INDEX(ovrTable2,MATCH(INDEX(teamCol2,ROW()),ovrTeamCol2,0),MATCH(MID(INDEX(headerRow2,1,COLUMN()),4,LEN(INDEX(headerRow2,1,COLUMN()))),ovrHeaderRow2,0)) -> 8.6 | AJ24: =INDEX(ovrTable2,MATCH(INDEX(teamCol2,ROW()),ovrTeamCol2,0),MATCH(MID(INDEX(headerRow2,1,COLUMN()),4,LEN(INDEX(headerRow2,1,COLUMN()))),ovrHeaderRow2,0)) -> 37.7 | AK24: =INDEX(ovrTable2,MATCH(INDEX(teamCol2,ROW()),ovrTeamCol2,0),MATCH(MID(INDEX(headerRow2,1,COLUMN()),4,LEN(INDEX(headerRow2,1,COLUMN()))),ovrHeaderRow2,0)) -> 22.7 | AL24: =INDEX(ovrTable2,MATCH(INDEX(teamCol2,ROW()),ovrTeamCol2,0),MATCH(MID(INDEX(headerRow2,1,COLUMN()),4,LEN(INDEX(headerRow2,1,COLUMN()))),ovrHeaderRow2,0)) -> 1.59 | AM24: =INDEX(ovrTable2,MATCH(INDEX(teamCol2,ROW()),ovrTeamCol2,0),MATCH(MID(INDEX(headerRow2,1,COLUMN()),4,LEN(INDEX(headerRow2,1,COLUMN()))),ovrHeaderRow2,0)) -> 18.7 | AN24: =INDEX(ovrTable2,MATCH(INDEX(teamCol2,ROW()),ovrTeamCol2,0),MATCH(MID(INDEX(headerRow2,1,COLUMN()),4,LEN(INDEX(headerRow2,1,COLUMN()))),ovrHeaderRow2,0)) -> 18.11 | AO24: =INDEX(ovrTable2,MATCH(INDEX(teamCol2,ROW()),ovrTeamCol2,0),MATCH(MID(INDEX(headerRow2,1,COLUMN()),4,LEN(INDEX(headerRow2,1,COLUMN()))),ovrHeaderRow2,0)) -> 3.2 | ... BK24: =INDEX(ovrTable2,MATCH(INDEX(teamCol2,ROW()),ovrTeamCol2,0),MATCH(MID(INDEX(headerRow2,1,COLUMN()),4,LEN(INDEX(headerRow2,1,COLUMN()))),ovrHeaderRow2,0)) -> 63.333333 | BL24: =INDEX(ovrTable2,MATCH(INDEX(oppCol23,ROW()),ovrTeamCol2,0),MATCH(MID(INDEX(headerRow2,1,COLUMN()),4,LEN(INDEX(headerRow2,1,COLUMN()))),ovrHeaderRow2,0)) -> 32 | BM24: =INDEX(ovrTable2,MATCH(INDEX(oppCol23,ROW()),ovrTeamCol2,0),MATCH(MID(INDEX(headerRow2,1,COLUMN()),4,LEN(INDEX(headerRow2,1,COLUMN()))),ovrHeaderRow2,0)) -> 8.6 | BN24: =INDEX(ovrTable2,MATCH(INDEX(oppCol23,ROW()),ovrTeamCol2,0),MATCH(MID(INDEX(headerRow2,1,COLUMN()),4,LEN(INDEX(headerRow2,1,COLUMN()))),ovrHeaderRow2,0)) -> 34.2 | BO24: =INDEX(ovrTable2,MATCH(INDEX(oppCol23,ROW()),ovrTeamCol2,0),MATCH(MID(INDEX(headerRow2,1,COLUMN()),4,LEN(INDEX(headerRow2,1,COLUMN()))),ovrHeaderRow2,0)) -> 24.7 | BP24: =INDEX(ovrTable2,MATCH(INDEX(oppCol23,ROW()),ovrTeamCol2,0),MATCH(MID(INDEX(headerRow2,1,COLUMN()),4,LEN(INDEX(headerRow2,1,COLUMN()))),ovrHeaderRow2,0)) -> 1.26 | BQ24: =INDEX(ovrTable2,MATCH(INDEX(oppCol23,ROW()),ovrTeamCol2,0),MATCH(MID(INDEX(headerRow2,1,COLUMN()),4,LEN(INDEX(headerRow2,1,COLUMN()))),ovrHeaderRow2,0)) -> 13.4 | BR24: =INDEX(ovrTable2,MATCH(INDEX(oppCol23,ROW()),ovrTeamCol2,0),MATCH(MID(INDEX(headerRow2,1,COLUMN()),4,LEN(INDEX(headerRow2,1,COLUMN()))),ovrHeaderRow2,0)) -> 21.86 | BS24: =INDEX(ovrTable2,MATCH(INDEX(oppCol23,ROW()),ovrTeamCol2,0),MATCH(MID(INDEX(headerRow2,1,COLUMN()),4,LEN(INDEX(headerRow2,1,COLUMN()))),ovrHeaderRow2,0)) -> 3.6 | ... CO24: =INDEX(ovrTable2,MATCH(INDEX(oppCol23,ROW()),ovrTeamCol2,0),MATCH(MID(INDEX(headerRow2,1,COLUMN()),4,LEN(INDEX(headerRow2,1,COLUMN()))),ovrHeaderRow2,0)) -> 60.195228
A25: PRIN | B25: 15 | C25: ARIZ | D25: 12 | E25: =G24 -> 18.75 | F25: 4 | G25: =F25/H25*100 -> 16 | H25: 25 | I25: =J25/AE25 -> 0.81818182 | J25: 9 | K25: 16 | L25: 6 | M25: =Q24 -> 42.1 | N25: 29 | O25: =((X25-F25*3-U25)/2+F25*1.5)/(((X25-F25*3-U25)/2+F25)/(G25/100)) -> 0.17230769 | P25: 3 | Q25: 40.6 | R25: 15 | S25: =U25/T25*100 -> 60 | T25: 5 | U25: 3 | V25: =X24 -> 55 | W25: 9 | X25: 59 | Y25: =Z25-Z24 -> 1 | Z25: =W25+N25 -> 38 | AA25: =X25-V25 -> 4 | AB25: 8 | AC25: =AD25-AE25 -> 2 | AD25: =AE24 -> 13 | AE25: 11 | AF25: =(ROUND(((X25-U25-3*F25)/2),0)+F25)/Q25*100-W25+AE25+T25*0.475 -> 68.414409 | AG25: =AVERAGE(AF24,AF25) -> 67.373267 | AH25: =INDEX(ovrTable2,MATCH(INDEX(teamCol2,ROW()),ovrTeamCol2,0),MATCH(MID(INDEX(headerRow2,1,COLUMN()),4,LEN(INDEX(headerRow2,1,COLUMN()))),ovrHeaderRow2,0)) -> 32 | AI25: =INDEX(ovrTable2,MATCH(INDEX(teamCol2,ROW()),ovrTeamCol2,0),MATCH(MID(INDEX(headerRow2,1,COLUMN()),4,LEN(INDEX(headerRow2,1,COLUMN()))),ovrHeaderRow2,0)) -> 8.6 | AJ25: =INDEX(ovrTable2,MATCH(INDEX(teamCol2,ROW()),ovrTeamCol2,0),MATCH(MID(INDEX(headerRow2,1,COLUMN()),4,LEN(INDEX(headerRow2,1,COLUMN()))),ovrHeaderRow2,0)) -> 34.2 | AK25: =INDEX(ovrTable2,MATCH(INDEX(teamCol2,ROW()),ovrTeamCol2,0),MATCH(MID(INDEX(headerRow2,1,COLUMN()),4,LEN(INDEX(headerRow2,1,COLUMN()))),ovrHeaderRow2,0)) -> 24.7 | AL25: =INDEX(ovrTable2,MATCH(INDEX(teamCol2,ROW()),ovrTeamCol2,0),MATCH(MID(INDEX(headerRow2,1,COLUMN()),4,LEN(INDEX(headerRow2,1,COLUMN()))),ovrHeaderRow2,0)) -> 1.26 | AM25: =INDEX(ovrTable2,MATCH(INDEX(teamCol2,ROW()),ovrTeamCol2,0),MATCH(MID(INDEX(headerRow2,1,COLUMN()),4,LEN(INDEX(headerRow2,1,COLUMN()))),ovrHeaderRow2,0)) -> 13.4 | AN25: =INDEX(ovrTable2,MATCH(INDEX(teamCol2,ROW()),ovrTeamCol2,0),MATCH(MID(INDEX(headerRow2,1,COLUMN()),4,LEN(INDEX(headerRow2,1,COLUMN()))),ovrHeaderRow2,0)) -> 21.86 | AO25: =INDEX(ovrTable2,MATCH(INDEX(teamCol2,ROW()),ovrTeamCol2,0),MATCH(MID(INDEX(headerRow2,1,COLUMN()),4,LEN(INDEX(headerRow2,1,COLUMN()))),ovrHeaderRow2,0)) -> 3.6 | ... BK25: =INDEX(ovrTable2,MATCH(INDEX(teamCol2,ROW()),ovrTeamCol2,0),MATCH(MID(INDEX(headerRow2,1,COLUMN()),4,LEN(INDEX(headerRow2,1,COLUMN()))),ovrHeaderRow2,0)) -> 60.195228 | BL25: =INDEX(ovrTable2,MATCH(INDEX(oppCol23,ROW()),ovrTeamCol2,0),MATCH(MID(INDEX(headerRow2,1,COLUMN()),4,LEN(INDEX(headerRow2,1,COLUMN()))),ovrHeaderRow2,0)) -> 32 | BM25: =INDEX(ovrTable2,MATCH(INDEX(oppCol23,ROW()),ovrTeamCol2,0),MATCH(MID(INDEX(headerRow2,1,COLUMN()),4,LEN(INDEX(headerRow2,1,COLUMN()))),ovrHeaderRow2,0)) -> 8.6 | BN25: =INDEX(ovrTable2,MATCH(INDEX(oppCol23,ROW()),ovrTeamCol2,0),MATCH(MID(INDEX(headerRow2,1,COLUMN()),4,LEN(INDEX(headerRow2,1,COLUMN()))),ovrHeaderRow2,0)) -> 37.7 | BO25: =INDEX(ovrTable2,MATCH(INDEX(oppCol23,ROW()),ovrTeamCol2,0),MATCH(MID(INDEX(headerRow2,1,COLUMN()),4,LEN(INDEX(headerRow2,1,COLUMN()))),ovrHeaderRow2,0)) -> 22.7 | BP25: =INDEX(ovrTable2,MATCH(INDEX(oppCol23,ROW()),ovrTeamCol2,0),MATCH(MID(INDEX(headerRow2,1,COLUMN()),4,LEN(INDEX(headerRow2,1,COLUMN()))),ovrHeaderRow2,0)) -> 1.59 | BQ25: =INDEX(ovrTable2,MATCH(INDEX(oppCol23,ROW()),ovrTeamCol2,0),MATCH(MID(INDEX(headerRow2,1,COLUMN()),4,LEN(INDEX(headerRow2,1,COLUMN()))),ovrHeaderRow2,0)) -> 18.7 | BR25: =INDEX(ovrTable2,MATCH(INDEX(oppCol23,ROW()),ovrTeamCol2,0),MATCH(MID(INDEX(headerRow2,1,COLUMN()),4,LEN(INDEX(headerRow2,1,COLUMN()))),ovrHeaderRow2,0)) -> 18.11 | BS25: =INDEX(ovrTable2,MATCH(INDEX(oppCol23,ROW()),ovrTeamCol2,0),MATCH(MID(INDEX(headerRow2,1,COLUMN()),4,LEN(INDEX(headerRow2,1,COLUMN()))),ovrHeaderRow2,0)) -> 3.2 | ... CO25: =INDEX(ovrTable2,MATCH(INDEX(oppCol23,ROW()),ovrTeamCol2,0),MATCH(MID(INDEX(headerRow2,1,COLUMN()),4,LEN(INDEX(headerRow2,1,COLUMN()))),ovrHeaderRow2,0)) -> 63.333333
A26: HOU | B26: 1 | C26: NKU | D26: 13 | E26: =G27 -> 15.151515 | F26: 4 | G26: =F26/H26*100 -> 25 | H26: 16 | I26: =J26/AE26 -> 0.76470588 | J26: 13 | K26: 14 | L26: 4 | M26: =Q27 -> 27.5 | N26: 31 | O26: =((X26-F26*3-U26)/2+F26*1.5)/(((X26-F26*3-U26)/2+F26)/(G26/100)) -> 0.27 | P26: 4 | Q26: 49 | R26: 14 | S26: =U26/T26*100 -> 90 | T26: 10 | U26: 9 | V26: =X27 -> 52 | W26: 11 | X26: 63 | Y26: =Z26-Z27 -> 9 | Z26: =W26+N26 -> 42 | AA26: =X26-V26 -> 11 | AB26: 3 | AC26: =AD26-AE26 -> -10 | AD26: =AE27 -> 7 | AE26: 17 | AF26: =(ROUND(((X26-U26-3*F26)/2),0)+F26)/Q26*100-W26+AE26+T26*0.475 -> 61.770408 | AG26: =AVERAGE(AF26,AF27) -> 62.305659 | AH26: =INDEX(ovrTable2,MATCH(INDEX(teamCol2,ROW()),ovrTeamCol2,0),MATCH(MID(INDEX(headerRow2,1,COLUMN()),4,LEN(INDEX(headerRow2,1,COLUMN()))),ovrHeaderRow2,0)) -> 29.8 | AI26: =INDEX(ovrTable2,MATCH(INDEX(teamCol2,ROW()),ovrTeamCol2,0),MATCH(MID(INDEX(headerRow2,1,COLUMN()),4,LEN(INDEX(headerRow2,1,COLUMN()))),ovrHeaderRow2,0)) -> 8 | AJ26: =INDEX(ovrTable2,MATCH(INDEX(teamCol2,ROW()),ovrTeamCol2,0),MATCH(MID(INDEX(headerRow2,1,COLUMN()),4,LEN(INDEX(headerRow2,1,COLUMN()))),ovrHeaderRow2,0)) -> 34 | AK26: =INDEX(ovrTable2,MATCH(INDEX(teamCol2,ROW()),ovrTeamCol2,0),MATCH(MID(INDEX(headerRow2,1,COLUMN()),4,LEN(INDEX(headerRow2,1,COLUMN()))),ovrHeaderRow2,0)) -> 23 | AL26: =INDEX(ovrTable2,MATCH(INDEX(teamCol2,ROW()),ovrTeamCol2,0),MATCH(MID(INDEX(headerRow2,1,COLUMN()),4,LEN(INDEX(headerRow2,1,COLUMN()))),ovrHeaderRow2,0)) -> 1.63 | AM26: =INDEX(ovrTable2,MATCH(INDEX(teamCol2,ROW()),ovrTeamCol2,0),MATCH(MID(INDEX(headerRow2,1,COLUMN()),4,LEN(INDEX(headerRow2,1,COLUMN()))),ovrHeaderRow2,0)) -> 15.3 | AN26: =INDEX(ovrTable2,MATCH(INDEX(teamCol2,ROW()),ovrTeamCol2,0),MATCH(MID(INDEX(headerRow2,1,COLUMN()),4,LEN(INDEX(headerRow2,1,COLUMN()))),ovrHeaderRow2,0)) -> 17.12 | AO26: =INDEX(ovrTable2,MATCH(INDEX(teamCol2,ROW()),ovrTeamCol2,0),MATCH(MID(INDEX(headerRow2,1,COLUMN()),4,LEN(INDEX(headerRow2,1,COLUMN()))),ovrHeaderRow2,0)) -> 4.8 | ... BK26: =INDEX(ovrTable2,MATCH(INDEX(teamCol2,ROW()),ovrTeamCol2,0),MATCH(MID(INDEX(headerRow2,1,COLUMN()),4,LEN(INDEX(headerRow2,1,COLUMN()))),ovrHeaderRow2,0)) -> 59.120172 | BL26: =INDEX(ovrTable2,MATCH(INDEX(oppCol23,ROW()),ovrTeamCol2,0),MATCH(MID(INDEX(headerRow2,1,COLUMN()),4,LEN(INDEX(headerRow2,1,COLUMN()))),ovrHeaderRow2,0)) -> 35 | BM26: =INDEX(ovrTable2,MATCH(INDEX(oppCol23,ROW()),ovrTeamCol2,0),MATCH(MID(INDEX(headerRow2,1,COLUMN()),4,LEN(INDEX(headerRow2,1,COLUMN()))),ovrHeaderRow2,0)) -> 8.4 | BN26: =INDEX(ovrTable2,MATCH(INDEX(oppCol23,ROW()),ovrTeamCol2,0),MATCH(MID(INDEX(headerRow2,1,COLUMN()),4,LEN(INDEX(headerRow2,1,COLUMN()))),ovrHeaderRow2,0)) -> 34.3 | BO26: =INDEX(ovrTable2,MATCH(INDEX(oppCol23,ROW()),ovrTeamCol2,0),MATCH(MID(INDEX(headerRow2,1,COLUMN()),4,LEN(INDEX(headerRow2,1,COLUMN()))),ovrHeaderRow2,0)) -> 23.6 | BP26: =INDEX(ovrTable2,MATCH(INDEX(oppCol23,ROW()),ovrTeamCol2,0),MATCH(MID(INDEX(headerRow2,1,COLUMN()),4,LEN(INDEX(headerRow2,1,COLUMN()))),ovrHeaderRow2,0)) -> 1.31 | BQ26: =INDEX(ovrTable2,MATCH(INDEX(oppCol23,ROW()),ovrTeamCol2,0),MATCH(MID(INDEX(headerRow2,1,COLUMN()),4,LEN(INDEX(headerRow2,1,COLUMN()))),ovrHeaderRow2,0)) -> 13.3 | BR26: =INDEX(ovrTable2,MATCH(INDEX(oppCol23,ROW()),ovrTeamCol2,0),MATCH(MID(INDEX(headerRow2,1,COLUMN()),4,LEN(INDEX(headerRow2,1,COLUMN()))),ovrHeaderRow2,0)) -> 16.59 | BS26: =INDEX(ovrTable2,MATCH(INDEX(oppCol23,ROW()),ovrTeamCol2,0),MATCH(MID(INDEX(headerRow2,1,COLUMN()),4,LEN(INDEX(headerRow2,1,COLUMN()))),ovrHeaderRow2,0)) -> 2.5 | ... CO26: =INDEX(ovrTable2,MATCH(INDEX(oppCol23,ROW()),ovrTeamCol2,0),MATCH(MID(INDEX(headerRow2,1,COLUMN()),4,LEN(INDEX(headerRow2,1,COLUMN()))),ovrHeaderRow2,0)) -> 56.542056
A27: NKU | B27: 16 | C27: HOU | D27: 13 | E27: =G26 -> 25 | F27: 5 | G27: =F27/H27*100 -> 15.151515 | H27: 33 | I27: =J27/AE27 -> 1 | J27: 7 | K27: 3 | L27: 1 | M27: =Q26 -> 49 | N27: 15 | O27: =((X27-F27*3-U27)/2+F27*1.5)/(((X27-F27*3-U27)/2+F27)/(G27/100)) -> 0.17145136 | P27: 11 | Q27: 27.5 | R27: 12 | S27: =U27/T27*100 -> 90 | T27: 10 | U27: 9 | V27: =X26 -> 63 | W27: 18 | X27: 52 | Y27: =Z27-Z26 -> -9 | Z27: =W27+N27 -> 33 | AA27: =X27-V27 -> -11 | AB27: 9 | AC27: =AD27-AE27 -> 10 | AD27: =AE26 -> 17 | AE27: 7 | AF27: =(ROUND(((X27-U27-3*F27)/2),0)+F27)/Q27*100-W27+AE27+T27*0.475 -> 62.840909 | AG27: =AVERAGE(AF26,AF27) -> 62.305659 | AH27: =INDEX(ovrTable2,MATCH(INDEX(teamCol2,ROW()),ovrTeamCol2,0),MATCH(MID(INDEX(headerRow2,1,COLUMN()),4,LEN(INDEX(headerRow2,1,COLUMN()))),ovrHeaderRow2,0)) -> 35 | AI27: =INDEX(ovrTable2,MATCH(INDEX(teamCol2,ROW()),ovrTeamCol2,0),MATCH(MID(INDEX(headerRow2,1,COLUMN()),4,LEN(INDEX(headerRow2,1,COLUMN()))),ovrHeaderRow2,0)) -> 8.4 | AJ27: =INDEX(ovrTable2,MATCH(INDEX(teamCol2,ROW()),ovrTeamCol2,0),MATCH(MID(INDEX(headerRow2,1,COLUMN()),4,LEN(INDEX(headerRow2,1,COLUMN()))),ovrHeaderRow2,0)) -> 34.3 | AK27: =INDEX(ovrTable2,MATCH(INDEX(teamCol2,ROW()),ovrTeamCol2,0),MATCH(MID(INDEX(headerRow2,1,COLUMN()),4,LEN(INDEX(headerRow2,1,COLUMN()))),ovrHeaderRow2,0)) -> 23.6 | AL27: =INDEX(ovrTable2,MATCH(INDEX(teamCol2,ROW()),ovrTeamCol2,0),MATCH(MID(INDEX(headerRow2,1,COLUMN()),4,LEN(INDEX(headerRow2,1,COLUMN()))),ovrHeaderRow2,0)) -> 1.31 | AM27: =INDEX(ovrTable2,MATCH(INDEX(teamCol2,ROW()),ovrTeamCol2,0),MATCH(MID(INDEX(headerRow2,1,COLUMN()),4,LEN(INDEX(headerRow2,1,COLUMN()))),ovrHeaderRow2,0)) -> 13.3 | AN27: =INDEX(ovrTable2,MATCH(INDEX(teamCol2,ROW()),ovrTeamCol2,0),MATCH(MID(INDEX(headerRow2,1,COLUMN()),4,LEN(INDEX(headerRow2,1,COLUMN()))),ovrHeaderRow2,0)) -> 16.59 | AO27: =INDEX(ovrTable2,MATCH(INDEX(teamCol2,ROW()),ovrTeamCol2,0),MATCH(MID(INDEX(headerRow2,1,COLUMN()),4,LEN(INDEX(headerRow2,1,COLUMN()))),ovrHeaderRow2,0)) -> 2.5 | ... BK27: =INDEX(ovrTable2,MATCH(INDEX(teamCol2,ROW()),ovrTeamCol2,0),MATCH(MID(INDEX(headerRow2,1,COLUMN()),4,LEN(INDEX(headerRow2,1,COLUMN()))),ovrHeaderRow2,0)) -> 56.542056 | BL27: =INDEX(ovrTable2,MATCH(INDEX(oppCol23,ROW()),ovrTeamCol2,0),MATCH(MID(INDEX(headerRow2,1,COLUMN()),4,LEN(INDEX(headerRow2,1,COLUMN()))),ovrHeaderRow2,0)) -> 29.8 | BM27: =INDEX(ovrTable2,MATCH(INDEX(oppCol23,ROW()),ovrTeamCol2,0),MATCH(MID(INDEX(headerRow2,1,COLUMN()),4,LEN(INDEX(headerRow2,1,COLUMN()))),ovrHeaderRow2,0)) -> 8 | BN27: =INDEX(ovrTable2,MATCH(INDEX(oppCol23,ROW()),ovrTeamCol2,0),MATCH(MID(INDEX(headerRow2,1,COLUMN()),4,LEN(INDEX(headerRow2,1,COLUMN()))),ovrHeaderRow2,0)) -> 34 | BO27: =INDEX(ovrTable2,MATCH(INDEX(oppCol23,ROW()),ovrTeamCol2,0),MATCH(MID(INDEX(headerRow2,1,COLUMN()),4,LEN(INDEX(headerRow2,1,COLUMN()))),ovrHeaderRow2,0)) -> 23 | BP27: =INDEX(ovrTable2,MATCH(INDEX(oppCol23,ROW()),ovrTeamCol2,0),MATCH(MID(INDEX(headerRow2,1,COLUMN()),4,LEN(INDEX(headerRow2,1,COLUMN()))),ovrHeaderRow2,0)) -> 1.63 | BQ27: =INDEX(ovrTable2,MATCH(INDEX(oppCol23,ROW()),ovrTeamCol2,0),MATCH(MID(INDEX(headerRow2,1,COLUMN()),4,LEN(INDEX(headerRow2,1,COLUMN()))),ovrHeaderRow2,0)) -> 15.3 | BR27: =INDEX(ovrTable2,MATCH(INDEX(oppCol23,ROW()),ovrTeamCol2,0),MATCH(MID(INDEX(headerRow2,1,COLUMN()),4,LEN(INDEX(headerRow2,1,COLUMN()))),ovrHeaderRow2,0)) -> 17.12 | BS27: =INDEX(ovrTable2,MATCH(INDEX(oppCol23,ROW()),ovrTeamCol2,0),MATCH(MID(INDEX(headerRow2,1,COLUMN()),4,LEN(INDEX(headerRow2,1,COLUMN()))),ovrHeaderRow2,0)) -> 4.8 | ... CO27: =INDEX(ovrTable2,MATCH(INDEX(oppCol23,ROW()),ovrTeamCol2,0),MATCH(MID(INDEX(headerRow2,1,COLUMN()),4,LEN(INDEX(headerRow2,1,COLUMN()))),ovrHeaderRow2,0)) -> 59.120172
A28: IOWA | B28: 8 | C28: AUB | D28: 14 | E28: =G29 -> 36.363636 | F28: 7 | G28: =F28/H28*100 -> 25.925926 | H28: 27 | I28: =J28/AE28 -> 1.375 | J28: 11 | K28: 27 | L28: 2 | M28: =Q29 -> 46 | N28: 30 | O28: =((X28-F28*3-U28)/2+F28*1.5)/(((X28-F28*3-U28)/2+F28)/(G28/100)) -> 0.29166667 | P28: 8 | Q28: 41.2 | R28: 18 | S28: =U28/T28*100 -> 70.588235 | T28: 17 | U28: 12 | V28: =X29 -> 83 | W28: 14 | X28: 75 | Y28: =Z28-Z29 -> 6 | Z28: =W28+N28 -> 44 | AA28: =X28-V28 -> -8 | AB28: 4 | AC28: =AD28-AE28 -> -1 | AD28: =AE29 -> 7 | AE28: 8 | AF28: =(ROUND(((X28-U28-3*F28)/2),0)+F28)/Q28*100-W28+AE28+T28*0.475 -> 70.036165 | AG28: =AVERAGE(AF28,AF29) -> 71.264822 | AH28: =INDEX(ovrTable2,MATCH(INDEX(teamCol2,ROW()),ovrTeamCol2,0),MATCH(MID(INDEX(headerRow2,1,COLUMN()),4,LEN(INDEX(headerRow2,1,COLUMN()))),ovrHeaderRow2,0)) -> 36.9 | AI28: =INDEX(ovrTable2,MATCH(INDEX(teamCol2,ROW()),ovrTeamCol2,0),MATCH(MID(INDEX(headerRow2,1,COLUMN()),4,LEN(INDEX(headerRow2,1,COLUMN()))),ovrHeaderRow2,0)) -> 8.3 | AJ28: =INDEX(ovrTable2,MATCH(INDEX(teamCol2,ROW()),ovrTeamCol2,0),MATCH(MID(INDEX(headerRow2,1,COLUMN()),4,LEN(INDEX(headerRow2,1,COLUMN()))),ovrHeaderRow2,0)) -> 34.1 | AK28: =INDEX(ovrTable2,MATCH(INDEX(teamCol2,ROW()),ovrTeamCol2,0),MATCH(MID(INDEX(headerRow2,1,COLUMN()),4,LEN(INDEX(headerRow2,1,COLUMN()))),ovrHeaderRow2,0)) -> 23.5 | AL28: =INDEX(ovrTable2,MATCH(INDEX(teamCol2,ROW()),ovrTeamCol2,0),MATCH(MID(INDEX(headerRow2,1,COLUMN()),4,LEN(INDEX(headerRow2,1,COLUMN()))),ovrHeaderRow2,0)) -> 1.77 | AM28: =INDEX(ovrTable2,MATCH(INDEX(teamCol2,ROW()),ovrTeamCol2,0),MATCH(MID(INDEX(headerRow2,1,COLUMN()),4,LEN(INDEX(headerRow2,1,COLUMN()))),ovrHeaderRow2,0)) -> 16.9 | AN28: =INDEX(ovrTable2,MATCH(INDEX(teamCol2,ROW()),ovrTeamCol2,0),MATCH(MID(INDEX(headerRow2,1,COLUMN()),4,LEN(INDEX(headerRow2,1,COLUMN()))),ovrHeaderRow2,0)) -> 18.36 | AO28: =INDEX(ovrTable2,MATCH(INDEX(teamCol2,ROW()),ovrTeamCol2,0),MATCH(MID(INDEX(headerRow2,1,COLUMN()),4,LEN(INDEX(headerRow2,1,COLUMN()))),ovrHeaderRow2,0)) -> 3.6 | ... BK28: =INDEX(ovrTable2,MATCH(INDEX(teamCol2,ROW()),ovrTeamCol2,0),MATCH(MID(INDEX(headerRow2,1,COLUMN()),4,LEN(INDEX(headerRow2,1,COLUMN()))),ovrHeaderRow2,0)) -> 64.41048 | BL28: =INDEX(ovrTable2,MATCH(INDEX(oppCol23,ROW()),ovrTeamCol2,0),MATCH(MID(INDEX(headerRow2,1,COLUMN()),4,LEN(INDEX(headerRow2,1,COLUMN()))),ovrHeaderRow2,0)) -> 30.1 | BM28: =INDEX(ovrTable2,MATCH(INDEX(oppCol23,ROW()),ovrTeamCol2,0),MATCH(MID(INDEX(headerRow2,1,COLUMN()),4,LEN(INDEX(headerRow2,1,COLUMN()))),ovrHeaderRow2,0)) -> 6.9 | BN28: =INDEX(ovrTable2,MATCH(INDEX(oppCol23,ROW()),ovrTeamCol2,0),MATCH(MID(INDEX(headerRow2,1,COLUMN()),4,LEN(INDEX(headerRow2,1,COLUMN()))),ovrHeaderRow2,0)) -> 32.5 | BO28: =INDEX(ovrTable2,MATCH(INDEX(oppCol23,ROW()),ovrTeamCol2,0),MATCH(MID(INDEX(headerRow2,1,COLUMN()),4,LEN(INDEX(headerRow2,1,COLUMN()))),ovrHeaderRow2,0)) -> 21.7 | BP28: =INDEX(ovrTable2,MATCH(INDEX(oppCol23,ROW()),ovrTeamCol2,0),MATCH(MID(INDEX(headerRow2,1,COLUMN()),4,LEN(INDEX(headerRow2,1,COLUMN()))),ovrHeaderRow2,0)) -> 1.28 | BQ28: =INDEX(ovrTable2,MATCH(INDEX(oppCol23,ROW()),ovrTeamCol2,0),MATCH(MID(INDEX(headerRow2,1,COLUMN()),4,LEN(INDEX(headerRow2,1,COLUMN()))),ovrHeaderRow2,0)) -> 14.5 | BR28: =INDEX(ovrTable2,MATCH(INDEX(oppCol23,ROW()),ovrTeamCol2,0),MATCH(MID(INDEX(headerRow2,1,COLUMN()),4,LEN(INDEX(headerRow2,1,COLUMN()))),ovrHeaderRow2,0)) -> 24.49 | BS28: =INDEX(ovrTable2,MATCH(INDEX(oppCol23,ROW()),ovrTeamCol2,0),MATCH(MID(INDEX(headerRow2,1,COLUMN()),4,LEN(INDEX(headerRow2,1,COLUMN()))),ovrHeaderRow2,0)) -> 5 | ... CO28: =INDEX(ovrTable2,MATCH(INDEX(oppCol23,ROW()),ovrTeamCol2,0),MATCH(MID(INDEX(headerRow2,1,COLUMN()),4,LEN(INDEX(headerRow2,1,COLUMN()))),ovrHeaderRow2,0)) -> 59.502262
A29: AUB | B29: 9 | C29: IOWA | D29: 14 | E29: =G28 -> 25.925926 | F29: 8 | G29: =F29/H29*100 -> 36.363636 | H29: 22 | I29: =J29/AE29 -> 2 | J29: 14 | K29: 26 | L29: 5 | M29: =Q28 -> 41.2 | N29: 30 | O29: =((X29-F29*3-U29)/2+F29*1.5)/(((X29-F29*3-U29)/2+F29)/(G29/100)) -> 0.4137931 | P29: 26 | Q29: 46 | R29: 18 | S29: =U29/T29*100 -> 77.272727 | T29: 22 | U29: 17 | V29: =X28 -> 75 | W29: 8 | X29: 83 | Y29: =Z29-Z28 -> -6 | Z29: =W29+N29 -> 38 | AA29: =X29-V29 -> 8 | AB29: 6 | AC29: =AD29-AE29 -> 1 | AD29: =AE28 -> 8 | AE29: 7 | AF29: =(ROUND(((X29-U29-3*F29)/2),0)+F29)/Q29*100-W29+AE29+T29*0.475 -> 72.493478 | AG29: =AVERAGE(AF28,AF29) -> 71.264822 | AH29: =INDEX(ovrTable2,MATCH(INDEX(teamCol2,ROW()),ovrTeamCol2,0),MATCH(MID(INDEX(headerRow2,1,COLUMN()),4,LEN(INDEX(headerRow2,1,COLUMN()))),ovrHeaderRow2,0)) -> 30.1 | AI29: =INDEX(ovrTable2,MATCH(INDEX(teamCol2,ROW()),ovrTeamCol2,0),MATCH(MID(INDEX(headerRow2,1,COLUMN()),4,LEN(INDEX(headerRow2,1,COLUMN()))),ovrHeaderRow2,0)) -> 6.9 | AJ29: =INDEX(ovrTable2,MATCH(INDEX(teamCol2,ROW()),ovrTeamCol2,0),MATCH(MID(INDEX(headerRow2,1,COLUMN()),4,LEN(INDEX(headerRow2,1,COLUMN()))),ovrHeaderRow2,0)) -> 32.5 | AK29: =INDEX(ovrTable2,MATCH(INDEX(teamCol2,ROW()),ovrTeamCol2,0),MATCH(MID(INDEX(headerRow2,1,COLUMN()),4,LEN(INDEX(headerRow2,1,COLUMN()))),ovrHeaderRow2,0)) -> 21.7 | AL29: =INDEX(ovrTable2,MATCH(INDEX(teamCol2,ROW()),ovrTeamCol2,0),MATCH(MID(INDEX(headerRow2,1,COLUMN()),4,LEN(INDEX(headerRow2,1,COLUMN()))),ovrHeaderRow2,0)) -> 1.28 | AM29: =INDEX(ovrTable2,MATCH(INDEX(teamCol2,ROW()),ovrTeamCol2,0),MATCH(MID(INDEX(headerRow2,1,COLUMN()),4,LEN(INDEX(headerRow2,1,COLUMN()))),ovrHeaderRow2,0)) -> 14.5 | AN29: =INDEX(ovrTable2,MATCH(INDEX(teamCol2,ROW()),ovrTeamCol2,0),MATCH(MID(INDEX(headerRow2,1,COLUMN()),4,LEN(INDEX(headerRow2,1,COLUMN()))),ovrHeaderRow2,0)) -> 24.49 | AO29: =INDEX(ovrTable2,MATCH(INDEX(teamCol2,ROW()),ovrTeamCol2,0),MATCH(MID(INDEX(headerRow2,1,COLUMN()),4,LEN(INDEX(headerRow2,1,COLUMN()))),ovrHeaderRow2,0)) -> 5 | ... BK29: =INDEX(ovrTable2,MATCH(INDEX(teamCol2,ROW()),ovrTeamCol2,0),MATCH(MID(INDEX(headerRow2,1,COLUMN()),4,LEN(INDEX(headerRow2,1,COLUMN()))),ovrHeaderRow2,0)) -> 59.502262 | BL29: =INDEX(ovrTable2,MATCH(INDEX(oppCol23,ROW()),ovrTeamCol2,0),MATCH(MID(INDEX(headerRow2,1,COLUMN()),4,LEN(INDEX(headerRow2,1,COLUMN()))),ovrHeaderRow2,0)) -> 36.9 | BM29: =INDEX(ovrTable2,MATCH(INDEX(oppCol23,ROW()),ovrTeamCol2,0),MATCH(MID(INDEX(headerRow2,1,COLUMN()),4,LEN(INDEX(headerRow2,1,COLUMN()))),ovrHeaderRow2,0)) -> 8.3 | BN29: =INDEX(ovrTable2,MATCH(INDEX(oppCol23,ROW()),ovrTeamCol2,0),MATCH(MID(INDEX(headerRow2,1,COLUMN()),4,LEN(INDEX(headerRow2,1,COLUMN()))),ovrHeaderRow2,0)) -> 34.1 | BO29: =INDEX(ovrTable2,MATCH(INDEX(oppCol23,ROW()),ovrTeamCol2,0),MATCH(MID(INDEX(headerRow2,1,COLUMN()),4,LEN(INDEX(headerRow2,1,COLUMN()))),ovrHeaderRow2,0)) -> 23.5 | BP29: =INDEX(ovrTable2,MATCH(INDEX(oppCol23,ROW()),ovrTeamCol2,0),MATCH(MID(INDEX(headerRow2,1,COLUMN()),4,LEN(INDEX(headerRow2,1,COLUMN()))),ovrHeaderRow2,0)) -> 1.77 | BQ29: =INDEX(ovrTable2,MATCH(INDEX(oppCol23,ROW()),ovrTeamCol2,0),MATCH(MID(INDEX(headerRow2,1,COLUMN()),4,LEN(INDEX(headerRow2,1,COLUMN()))),ovrHeaderRow2,0)) -> 16.9 | BR29: =INDEX(ovrTable2,MATCH(INDEX(oppCol23,ROW()),ovrTeamCol2,0),MATCH(MID(INDEX(headerRow2,1,COLUMN()),4,LEN(INDEX(headerRow2,1,COLUMN()))),ovrHeaderRow2,0)) -> 18.36 | BS29: =INDEX(ovrTable2,MATCH(INDEX(oppCol23,ROW()),ovrTeamCol2,0),MATCH(MID(INDEX(headerRow2,1,COLUMN()),4,LEN(INDEX(headerRow2,1,COLUMN()))),ovrHeaderRow2,0)) -> 3.6 | ... CO29: =INDEX(ovrTable2,MATCH(INDEX(oppCol23,ROW()),ovrTeamCol2,0),MATCH(MID(INDEX(headerRow2,1,COLUMN()),4,LEN(INDEX(headerRow2,1,COLUMN()))),ovrHeaderRow2,0)) -> 64.41048
A30: MIA | B30: 5 | C30: DRKE | D30: 15 | E30: =G31 -> 29.166667 | F30: 6 | G30: =F30/H30*100 -> 33.333333 | H30: 18 | I30: =J30/AE30 -> 0.66666667 | J30: 6 | K30: 3 | L30: 1 | M30: =Q31 -> 40 | N30: 32 | O30: =((X30-F30*3-U30)/2+F30*1.5)/(((X30-F30*3-U30)/2+F30)/(G30/100)) -> 0.39215686 | P30: 3 | Q30: 30.4 | R30: 11 | S30: =U30/T30*100 -> 79.310345 | T30: 29 | U30: 23 | V30: =X31 -> 56 | W30: 9 | X30: 63 | Y30: =Z30-Z31 -> 6 | Z30: =W30+N30 -> 41 | AA30: =X30-V30 -> 7 | AB30: 7 | AC30: =AD30-AE30 -> 3 | AD30: =AE31 -> 12 | AE30: 9 | AF30: =(ROUND(((X30-U30-3*F30)/2),0)+F30)/Q30*100-W30+AE30+T30*0.475 -> 69.696053 | AG30: =AVERAGE(AF30,AF31) -> 69.248026 | AH30: =INDEX(ovrTable2,MATCH(INDEX(teamCol2,ROW()),ovrTeamCol2,0),MATCH(MID(INDEX(headerRow2,1,COLUMN()),4,LEN(INDEX(headerRow2,1,COLUMN()))),ovrHeaderRow2,0)) -> 33.5 | AI30: =INDEX(ovrTable2,MATCH(INDEX(teamCol2,ROW()),ovrTeamCol2,0),MATCH(MID(INDEX(headerRow2,1,COLUMN()),4,LEN(INDEX(headerRow2,1,COLUMN()))),ovrHeaderRow2,0)) -> 7.6 | AJ30: =INDEX(ovrTable2,MATCH(INDEX(teamCol2,ROW()),ovrTeamCol2,0),MATCH(MID(INDEX(headerRow2,1,COLUMN()),4,LEN(INDEX(headerRow2,1,COLUMN()))),ovrHeaderRow2,0)) -> 36.8 | AK30: =INDEX(ovrTable2,MATCH(INDEX(teamCol2,ROW()),ovrTeamCol2,0),MATCH(MID(INDEX(headerRow2,1,COLUMN()),4,LEN(INDEX(headerRow2,1,COLUMN()))),ovrHeaderRow2,0)) -> 21.6 | AL30: =INDEX(ovrTable2,MATCH(INDEX(teamCol2,ROW()),ovrTeamCol2,0),MATCH(MID(INDEX(headerRow2,1,COLUMN()),4,LEN(INDEX(headerRow2,1,COLUMN()))),ovrHeaderRow2,0)) -> 1.47 | AM30: =INDEX(ovrTable2,MATCH(INDEX(teamCol2,ROW()),ovrTeamCol2,0),MATCH(MID(INDEX(headerRow2,1,COLUMN()),4,LEN(INDEX(headerRow2,1,COLUMN()))),ovrHeaderRow2,0)) -> 15 | AN30: =INDEX(ovrTable2,MATCH(INDEX(teamCol2,ROW()),ovrTeamCol2,0),MATCH(MID(INDEX(headerRow2,1,COLUMN()),4,LEN(INDEX(headerRow2,1,COLUMN()))),ovrHeaderRow2,0)) -> 12.97 | AO30: =INDEX(ovrTable2,MATCH(INDEX(teamCol2,ROW()),ovrTeamCol2,0),MATCH(MID(INDEX(headerRow2,1,COLUMN()),4,LEN(INDEX(headerRow2,1,COLUMN()))),ovrHeaderRow2,0)) -> 3.1 | ... BK30: =INDEX(ovrTable2,MATCH(INDEX(teamCol2,ROW()),ovrTeamCol2,0),MATCH(MID(INDEX(headerRow2,1,COLUMN()),4,LEN(INDEX(headerRow2,1,COLUMN()))),ovrHeaderRow2,0)) -> 60.677618 | BL30: =INDEX(ovrTable2,MATCH(INDEX(oppCol23,ROW()),ovrTeamCol2,0),MATCH(MID(INDEX(headerRow2,1,COLUMN()),4,LEN(INDEX(headerRow2,1,COLUMN()))),ovrHeaderRow2,0)) -> 30.7 | BM30: =INDEX(ovrTable2,MATCH(INDEX(oppCol23,ROW()),ovrTeamCol2,0),MATCH(MID(INDEX(headerRow2,1,COLUMN()),4,LEN(INDEX(headerRow2,1,COLUMN()))),ovrHeaderRow2,0)) -> 8.2 | BN30: =INDEX(ovrTable2,MATCH(INDEX(oppCol23,ROW()),ovrTeamCol2,0),MATCH(MID(INDEX(headerRow2,1,COLUMN()),4,LEN(INDEX(headerRow2,1,COLUMN()))),ovrHeaderRow2,0)) -> 37 | BO30: =INDEX(ovrTable2,MATCH(INDEX(oppCol23,ROW()),ovrTeamCol2,0),MATCH(MID(INDEX(headerRow2,1,COLUMN()),4,LEN(INDEX(headerRow2,1,COLUMN()))),ovrHeaderRow2,0)) -> 22.2 | BP30: =INDEX(ovrTable2,MATCH(INDEX(oppCol23,ROW()),ovrTeamCol2,0),MATCH(MID(INDEX(headerRow2,1,COLUMN()),4,LEN(INDEX(headerRow2,1,COLUMN()))),ovrHeaderRow2,0)) -> 1.45 | BQ30: =INDEX(ovrTable2,MATCH(INDEX(oppCol23,ROW()),ovrTeamCol2,0),MATCH(MID(INDEX(headerRow2,1,COLUMN()),4,LEN(INDEX(headerRow2,1,COLUMN()))),ovrHeaderRow2,0)) -> 13.5 | BR30: =INDEX(ovrTable2,MATCH(INDEX(oppCol23,ROW()),ovrTeamCol2,0),MATCH(MID(INDEX(headerRow2,1,COLUMN()),4,LEN(INDEX(headerRow2,1,COLUMN()))),ovrHeaderRow2,0)) -> 17.59 | BS30: =INDEX(ovrTable2,MATCH(INDEX(oppCol23,ROW()),ovrTeamCol2,0),MATCH(MID(INDEX(headerRow2,1,COLUMN()),4,LEN(INDEX(headerRow2,1,COLUMN()))),ovrHeaderRow2,0)) -> 2.6 | ... CO30: =INDEX(ovrTable2,MATCH(INDEX(oppCol23,ROW()),ovrTeamCol2,0),MATCH(MID(INDEX(headerRow2,1,COLUMN()),4,LEN(INDEX(headerRow2,1,COLUMN()))),ovrHeaderRow2,0)) -> 57.773109
A31: DRKE | B31: 12 | C31: MIA | D31: 15 | E31: =G30 -> 33.333333 | F31: 7 | G31: =F31/H31*100 -> 29.166667 | H31: 24 | I31: =J31/AE31 -> 1.25 | J31: 15 | K31: 14 | L31: 3 | M31: =Q30 -> 30.4 | N31: 33 | O31: =((X31-F31*3-U31)/2+F31*1.5)/(((X31-F31*3-U31)/2+F31)/(G31/100)) -> 0.33806818 | P31: 6 | Q31: 40 | R31: 19 | S31: =U31/T31*100 -> 62.5 | T31: 8 | U31: 5 | V31: =X30 -> 63 | W31: 2 | X31: 56 | Y31: =Z31-Z30 -> -6 | Z31: =W31+N31 -> 35 | AA31: =X31-V31 -> -7 | AB31: 4 | AC31: =AD31-AE31 -> -3 | AD31: =AE30 -> 9 | AE31: 12 | AF31: =(ROUND(((X31-U31-3*F31)/2),0)+F31)/Q31*100-W31+AE31+T31*0.475 -> 68.8 | AG31: =AVERAGE(AF30,AF31) -> 69.248026 | AH31: =INDEX(ovrTable2,MATCH(INDEX(teamCol2,ROW()),ovrTeamCol2,0),MATCH(MID(INDEX(headerRow2,1,COLUMN()),4,LEN(INDEX(headerRow2,1,COLUMN()))),ovrHeaderRow2,0)) -> 30.7 | AI31: =INDEX(ovrTable2,MATCH(INDEX(teamCol2,ROW()),ovrTeamCol2,0),MATCH(MID(INDEX(headerRow2,1,COLUMN()),4,LEN(INDEX(headerRow2,1,COLUMN()))),ovrHeaderRow2,0)) -> 8.2 | AJ31: =INDEX(ovrTable2,MATCH(INDEX(teamCol2,ROW()),ovrTeamCol2,0),MATCH(MID(INDEX(headerRow2,1,COLUMN()),4,LEN(INDEX(headerRow2,1,COLUMN()))),ovrHeaderRow2,0)) -> 37 | AK31: =INDEX(ovrTable2,MATCH(INDEX(teamCol2,ROW()),ovrTeamCol2,0),MATCH(MID(INDEX(headerRow2,1,COLUMN()),4,LEN(INDEX(headerRow2,1,COLUMN()))),ovrHeaderRow2,0)) -> 22.2 | AL31: =INDEX(ovrTable2,MATCH(INDEX(teamCol2,ROW()),ovrTeamCol2,0),MATCH(MID(INDEX(headerRow2,1,COLUMN()),4,LEN(INDEX(headerRow2,1,COLUMN()))),ovrHeaderRow2,0)) -> 1.45 | AM31: =INDEX(ovrTable2,MATCH(INDEX(teamCol2,ROW()),ovrTeamCol2,0),MATCH(MID(INDEX(headerRow2,1,COLUMN()),4,LEN(INDEX(headerRow2,1,COLUMN()))),ovrHeaderRow2,0)) -> 13.5 | AN31: =INDEX(ovrTable2,MATCH(INDEX(teamCol2,ROW()),ovrTeamCol2,0),MATCH(MID(INDEX(headerRow2,1,COLUMN()),4,LEN(INDEX(headerRow2,1,COLUMN()))),ovrHeaderRow2,0)) -> 17.59 | AO31: =INDEX(ovrTable2,MATCH(INDEX(teamCol2,ROW()),ovrTeamCol2,0),MATCH(MID(INDEX(headerRow2,1,COLUMN()),4,LEN(INDEX(headerRow2,1,COLUMN()))),ovrHeaderRow2,0)) -> 2.6 | ... BK31: =INDEX(ovrTable2,MATCH(INDEX(teamCol2,ROW()),ovrTeamCol2,0),MATCH(MID(INDEX(headerRow2,1,COLUMN()),4,LEN(INDEX(headerRow2,1,COLUMN()))),ovrHeaderRow2,0)) -> 57.773109 | BL31: =INDEX(ovrTable2,MATCH(INDEX(oppCol23,ROW()),ovrTeamCol2,0),MATCH(MID(INDEX(headerRow2,1,COLUMN()),4,LEN(INDEX(headerRow2,1,COLUMN()))),ovrHeaderRow2,0)) -> 33.5 | BM31: =INDEX(ovrTable2,MATCH(INDEX(oppCol23,ROW()),ovrTeamCol2,0),MATCH(MID(INDEX(headerRow2,1,COLUMN()),4,LEN(INDEX(headerRow2,1,COLUMN()))),ovrHeaderRow2,0)) -> 7.6 | BN31: =INDEX(ovrTable2,MATCH(INDEX(oppCol23,ROW()),ovrTeamCol2,0),MATCH(MID(INDEX(headerRow2,1,COLUMN()),4,LEN(INDEX(headerRow2,1,COLUMN()))),ovrHeaderRow2,0)) -> 36.8 | BO31: =INDEX(ovrTable2,MATCH(INDEX(oppCol23,ROW()),ovrTeamCol2,0),MATCH(MID(INDEX(headerRow2,1,COLUMN()),4,LEN(INDEX(headerRow2,1,COLUMN()))),ovrHeaderRow2,0)) -> 21.6 | BP31: =INDEX(ovrTable2,MATCH(INDEX(oppCol23,ROW()),ovrTeamCol2,0),MATCH(MID(INDEX(headerRow2,1,COLUMN()),4,LEN(INDEX(headerRow2,1,COLUMN()))),ovrHeaderRow2,0)) -> 1.47 | BQ31: =INDEX(ovrTable2,MATCH(INDEX(oppCol23,ROW()),ovrTeamCol2,0),MATCH(MID(INDEX(headerRow2,1,COLUMN()),4,LEN(INDEX(headerRow2,1,COLUMN()))),ovrHeaderRow2,0)) -> 15 | BR31: =INDEX(ovrTable2,MATCH(INDEX(oppCol23,ROW()),ovrTeamCol2,0),MATCH(MID(INDEX(headerRow2,1,COLUMN()),4,LEN(INDEX(headerRow2,1,COLUMN()))),ovrHeaderRow2,0)) -> 12.97 | BS31: =INDEX(ovrTable2,MATCH(INDEX(oppCol23,ROW()),ovrTeamCol2,0),MATCH(MID(INDEX(headerRow2,1,COLUMN()),4,LEN(INDEX(headerRow2,1,COLUMN()))),ovrHeaderRow2,0)) -> 3.1 | ... CO31: =INDEX(ovrTable2,MATCH(INDEX(oppCol23,ROW()),ovrTeamCol2,0),MATCH(MID(INDEX(headerRow2,1,COLUMN()),4,LEN(INDEX(headerRow2,1,COLUMN()))),ovrHeaderRow2,0)) -> 60.677618
A32: IU | B32: 4 | C32: KENT | D32: 16 | E32: =G33 -> 33.333333 | F32: 5 | G32: =F32/H32*100 -> 35.714286 | H32: 14 | I32: =J32/AE32 -> 2 | J32: 14 | K32: 4 | L32: 7 | M32: =Q33 -> 31.9 | N32: 29 | O32: =((X32-F32*3-U32)/2+F32*1.5)/(((X32-F32*3-U32)/2+F32)/(G32/100)) -> 0.38793103 | P32: 16 | Q32: 46.8 | R32: 13 | S32: =U32/T32*100 -> 72.727273 | T32: 11 | U32: 8 | V32: =X33 -> 60 | W32: 10 | X32: 71 | Y32: =Z32-Z33 -> -3 | Z32: =W32+N32 -> 39 | AA32: =X32-V32 -> 11 | AB32: 4 | AC32: =AD32-AE32 -> 2 | AD32: =AE33 -> 9 | AE32: 7 | AF32: =(ROUND(((X32-U32-3*F32)/2),0)+F32)/Q32*100-W32+AE32+T32*0.475 -> 64.190812 | AG32: =AVERAGE(AF32,AF33) -> 64.428165 | AH32: =INDEX(ovrTable2,MATCH(INDEX(teamCol2,ROW()),ovrTeamCol2,0),MATCH(MID(INDEX(headerRow2,1,COLUMN()),4,LEN(INDEX(headerRow2,1,COLUMN()))),ovrHeaderRow2,0)) -> 33.1 | AI32: =INDEX(ovrTable2,MATCH(INDEX(teamCol2,ROW()),ovrTeamCol2,0),MATCH(MID(INDEX(headerRow2,1,COLUMN()),4,LEN(INDEX(headerRow2,1,COLUMN()))),ovrHeaderRow2,0)) -> 6.1 | AJ32: =INDEX(ovrTable2,MATCH(INDEX(teamCol2,ROW()),ovrTeamCol2,0),MATCH(MID(INDEX(headerRow2,1,COLUMN()),4,LEN(INDEX(headerRow2,1,COLUMN()))),ovrHeaderRow2,0)) -> 36.6 | AK32: =INDEX(ovrTable2,MATCH(INDEX(teamCol2,ROW()),ovrTeamCol2,0),MATCH(MID(INDEX(headerRow2,1,COLUMN()),4,LEN(INDEX(headerRow2,1,COLUMN()))),ovrHeaderRow2,0)) -> 15.2 | AL32: =INDEX(ovrTable2,MATCH(INDEX(teamCol2,ROW()),ovrTeamCol2,0),MATCH(MID(INDEX(headerRow2,1,COLUMN()),4,LEN(INDEX(headerRow2,1,COLUMN()))),ovrHeaderRow2,0)) -> 1.47 | AM32: =INDEX(ovrTable2,MATCH(INDEX(teamCol2,ROW()),ovrTeamCol2,0),MATCH(MID(INDEX(headerRow2,1,COLUMN()),4,LEN(INDEX(headerRow2,1,COLUMN()))),ovrHeaderRow2,0)) -> 15.9 | AN32: =INDEX(ovrTable2,MATCH(INDEX(teamCol2,ROW()),ovrTeamCol2,0),MATCH(MID(INDEX(headerRow2,1,COLUMN()),4,LEN(INDEX(headerRow2,1,COLUMN()))),ovrHeaderRow2,0)) -> 17.71 | AO32: =INDEX(ovrTable2,MATCH(INDEX(teamCol2,ROW()),ovrTeamCol2,0),MATCH(MID(INDEX(headerRow2,1,COLUMN()),4,LEN(INDEX(headerRow2,1,COLUMN()))),ovrHeaderRow2,0)) -> 4.9 | ... BK32: =INDEX(ovrTable2,MATCH(INDEX(teamCol2,ROW()),ovrTeamCol2,0),MATCH(MID(INDEX(headerRow2,1,COLUMN()),4,LEN(INDEX(headerRow2,1,COLUMN()))),ovrHeaderRow2,0)) -> 58.673469 | BL32: =INDEX(ovrTable2,MATCH(INDEX(oppCol23,ROW()),ovrTeamCol2,0),MATCH(MID(INDEX(headerRow2,1,COLUMN()),4,LEN(INDEX(headerRow2,1,COLUMN()))),ovrHeaderRow2,0)) -> 31.5 | BM32: =INDEX(ovrTable2,MATCH(INDEX(oppCol23,ROW()),ovrTeamCol2,0),MATCH(MID(INDEX(headerRow2,1,COLUMN()),4,LEN(INDEX(headerRow2,1,COLUMN()))),ovrHeaderRow2,0)) -> 8.2 | BN32: =INDEX(ovrTable2,MATCH(INDEX(oppCol23,ROW()),ovrTeamCol2,0),MATCH(MID(INDEX(headerRow2,1,COLUMN()),4,LEN(INDEX(headerRow2,1,COLUMN()))),ovrHeaderRow2,0)) -> 34 | BO32: =INDEX(ovrTable2,MATCH(INDEX(oppCol23,ROW()),ovrTeamCol2,0),MATCH(MID(INDEX(headerRow2,1,COLUMN()),4,LEN(INDEX(headerRow2,1,COLUMN()))),ovrHeaderRow2,0)) -> 23.4 | BP32: =INDEX(ovrTable2,MATCH(INDEX(oppCol23,ROW()),ovrTeamCol2,0),MATCH(MID(INDEX(headerRow2,1,COLUMN()),4,LEN(INDEX(headerRow2,1,COLUMN()))),ovrHeaderRow2,0)) -> 1.21 | BQ32: =INDEX(ovrTable2,MATCH(INDEX(oppCol23,ROW()),ovrTeamCol2,0),MATCH(MID(INDEX(headerRow2,1,COLUMN()),4,LEN(INDEX(headerRow2,1,COLUMN()))),ovrHeaderRow2,0)) -> 12.1 | BR32: =INDEX(ovrTable2,MATCH(INDEX(oppCol23,ROW()),ovrTeamCol2,0),MATCH(MID(INDEX(headerRow2,1,COLUMN()),4,LEN(INDEX(headerRow2,1,COLUMN()))),ovrHeaderRow2,0)) -> 21.92 | BS32: =INDEX(ovrTable2,MATCH(INDEX(oppCol23,ROW()),ovrTeamCol2,0),MATCH(MID(INDEX(headerRow2,1,COLUMN()),4,LEN(INDEX(headerRow2,1,COLUMN()))),ovrHeaderRow2,0)) -> 3.9 | ... CO32: =INDEX(ovrTable2,MATCH(INDEX(oppCol23,ROW()),ovrTeamCol2,0),MATCH(MID(INDEX(headerRow2,1,COLUMN()),4,LEN(INDEX(headerRow2,1,COLUMN()))),ovrHeaderRow2,0)) -> 61.836283
A33: KENT | B33: 13 | C33: IU | D33: 16 | E33: =G32 -> 35.714286 | F33: 7 | G33: =F33/H33*100 -> 33.333333 | H33: 21 | I33: =J33/AE33 -> 1.2222222 | J33: 11 | K33: 21 | L33: 4 | M33: =Q32 -> 46.8 | N33: 23 | O33: =((X33-F33*3-U33)/2+F33*1.5)/(((X33-F33*3-U33)/2+F33)/(G33/100)) -> 0.38636364 | P33: 3 | Q33: 31.9 | R33: 12 | S33: =U33/T33*100 -> 75 | T33: 12 | U33: 9 | V33: =X32 -> 71 | W33: 19 | X33: 60 | Y33: =Z33-Z32 -> 3 | Z33: =W33+N33 -> 42 | AA33: =X33-V33 -> -11 | AB33: 6 | AC33: =AD33-AE33 -> -2 | AD33: =AE32 -> 7 | AE33: 9 | AF33: =(ROUND(((X33-U33-3*F33)/2),0)+F33)/Q33*100-W33+AE33+T33*0.475 -> 64.665517 | AG33: =AVERAGE(AF32,AF33) -> 64.428165 | AH33: =INDEX(ovrTable2,MATCH(INDEX(teamCol2,ROW()),ovrTeamCol2,0),MATCH(MID(INDEX(headerRow2,1,COLUMN()),4,LEN(INDEX(headerRow2,1,COLUMN()))),ovrHeaderRow2,0)) -> 31.5 | AI33: =INDEX(ovrTable2,MATCH(INDEX(teamCol2,ROW()),ovrTeamCol2,0),MATCH(MID(INDEX(headerRow2,1,COLUMN()),4,LEN(INDEX(headerRow2,1,COLUMN()))),ovrHeaderRow2,0)) -> 8.2 | AJ33: =INDEX(ovrTable2,MATCH(INDEX(teamCol2,ROW()),ovrTeamCol2,0),MATCH(MID(INDEX(headerRow2,1,COLUMN()),4,LEN(INDEX(headerRow2,1,COLUMN()))),ovrHeaderRow2,0)) -> 34 | AK33: =INDEX(ovrTable2,MATCH(INDEX(teamCol2,ROW()),ovrTeamCol2,0),MATCH(MID(INDEX(headerRow2,1,COLUMN()),4,LEN(INDEX(headerRow2,1,COLUMN()))),ovrHeaderRow2,0)) -> 23.4 | AL33: =INDEX(ovrTable2,MATCH(INDEX(teamCol2,ROW()),ovrTeamCol2,0),MATCH(MID(INDEX(headerRow2,1,COLUMN()),4,LEN(INDEX(headerRow2,1,COLUMN()))),ovrHeaderRow2,0)) -> 1.21 | AM33: =INDEX(ovrTable2,MATCH(INDEX(teamCol2,ROW()),ovrTeamCol2,0),MATCH(MID(INDEX(headerRow2,1,COLUMN()),4,LEN(INDEX(headerRow2,1,COLUMN()))),ovrHeaderRow2,0)) -> 12.1 | AN33: =INDEX(ovrTable2,MATCH(INDEX(teamCol2,ROW()),ovrTeamCol2,0),MATCH(MID(INDEX(headerRow2,1,COLUMN()),4,LEN(INDEX(headerRow2,1,COLUMN()))),ovrHeaderRow2,0)) -> 21.92 | AO33: =INDEX(ovrTable2,MATCH(INDEX(teamCol2,ROW()),ovrTeamCol2,0),MATCH(MID(INDEX(headerRow2,1,COLUMN()),4,LEN(INDEX(headerRow2,1,COLUMN()))),ovrHeaderRow2,0)) -> 3.9 | ... BK33: =INDEX(ovrTable2,MATCH(INDEX(teamCol2,ROW()),ovrTeamCol2,0),MATCH(MID(INDEX(headerRow2,1,COLUMN()),4,LEN(INDEX(headerRow2,1,COLUMN()))),ovrHeaderRow2,0)) -> 61.836283 | BL33: =INDEX(ovrTable2,MATCH(INDEX(oppCol23,ROW()),ovrTeamCol2,0),MATCH(MID(INDEX(headerRow2,1,COLUMN()),4,LEN(INDEX(headerRow2,1,COLUMN()))),ovrHeaderRow2,0)) -> 33.1 | BM33: =INDEX(ovrTable2,MATCH(INDEX(oppCol23,ROW()),ovrTeamCol2,0),MATCH(MID(INDEX(headerRow2,1,COLUMN()),4,LEN(INDEX(headerRow2,1,COLUMN()))),ovrHeaderRow2,0)) -> 6.1 | BN33: =INDEX(ovrTable2,MATCH(INDEX(oppCol23,ROW()),ovrTeamCol2,0),MATCH(MID(INDEX(headerRow2,1,COLUMN()),4,LEN(INDEX(headerRow2,1,COLUMN()))),ovrHeaderRow2,0)) -> 36.6 | BO33: =INDEX(ovrTable2,MATCH(INDEX(oppCol23,ROW()),ovrTeamCol2,0),MATCH(MID(INDEX(headerRow2,1,COLUMN()),4,LEN(INDEX(headerRow2,1,COLUMN()))),ovrHeaderRow2,0)) -> 15.2 | BP33: =INDEX(ovrTable2,MATCH(INDEX(oppCol23,ROW()),ovrTeamCol2,0),MATCH(MID(INDEX(headerRow2,1,COLUMN()),4,LEN(INDEX(headerRow2,1,COLUMN()))),ovrHeaderRow2,0)) -> 1.47 | BQ33: =INDEX(ovrTable2,MATCH(INDEX(oppCol23,ROW()),ovrTeamCol2,0),MATCH(MID(INDEX(headerRow2,1,COLUMN()),4,LEN(INDEX(headerRow2,1,COLUMN()))),ovrHeaderRow2,0)) -> 15.9 | BR33: =INDEX(ovrTable2,MATCH(INDEX(oppCol23,ROW()),ovrTeamCol2,0),MATCH(MID(INDEX(headerRow2,1,COLUMN()),4,LEN(INDEX(headerRow2,1,COLUMN()))),ovrHeaderRow2,0)) -> 17.71 | BS33: =INDEX(ovrTable2,MATCH(INDEX(oppCol23,ROW()),ovrTeamCol2,0),MATCH(MID(INDEX(headerRow2,1,COLUMN()),4,LEN(INDEX(headerRow2,1,COLUMN()))),ovrHeaderRow2,0)) -> 4.9 | ... CO33: =INDEX(ovrTable2,MATCH(INDEX(oppCol23,ROW()),ovrTeamCol2,0),MATCH(MID(INDEX(headerRow2,1,COLUMN()),4,LEN(INDEX(headerRow2,1,COLUMN()))),ovrHeaderRow2,0)) -> 58.673469
A34: ISU | B34: 6 | C34: PITT | D34: 17 | E34: =G35 -> 31.578947 | F34: 2 | G34: =F34/H34*100 -> 9.5238095 | H34: 21 | I34: =J34/AE34 -> 0.875 | J34: 7 | K34: 1 | L34: 3 | M34: =Q35 -> 34.1 | N34: 21 | O34: =((X34-F34*3-U34)/2+F34*1.5)/(((X34-F34*3-U34)/2+F34)/(G34/100)) -> 0.10204082 | P34: 7 | Q34: 23.3 | R34: 22 | S34: =U34/T34*100 -> 57.894737 | T34: 19 | U34: 11 | V34: =X35 -> 59 | W34: 16 | X34: 41 | Y34: =Z34-Z35 -> -2 | Z34: =W34+N34 -> 37 | AA34: =X34-V34 -> -18 | AB34: 8 | AC34: =AD34-AE34 -> 7 | AD34: =AE35 -> 15 | AE34: 8 | AF34: =(ROUND(((X34-U34-3*F34)/2),0)+F34)/Q34*100-W34+AE34+T34*0.475 -> 61.110837 | AG34: =AVERAGE(AF34,AF35) -> 61.970778 | AH34: =INDEX(ovrTable2,MATCH(INDEX(teamCol2,ROW()),ovrTeamCol2,0),MATCH(MID(INDEX(headerRow2,1,COLUMN()),4,LEN(INDEX(headerRow2,1,COLUMN()))),ovrHeaderRow2,0)) -> 33.6 | AI34: =INDEX(ovrTable2,MATCH(INDEX(teamCol2,ROW()),ovrTeamCol2,0),MATCH(MID(INDEX(headerRow2,1,COLUMN()),4,LEN(INDEX(headerRow2,1,COLUMN()))),ovrHeaderRow2,0)) -> 6.6 | AJ34: =INDEX(ovrTable2,MATCH(INDEX(teamCol2,ROW()),ovrTeamCol2,0),MATCH(MID(INDEX(headerRow2,1,COLUMN()),4,LEN(INDEX(headerRow2,1,COLUMN()))),ovrHeaderRow2,0)) -> 33.8 | AK34: =INDEX(ovrTable2,MATCH(INDEX(teamCol2,ROW()),ovrTeamCol2,0),MATCH(MID(INDEX(headerRow2,1,COLUMN()),4,LEN(INDEX(headerRow2,1,COLUMN()))),ovrHeaderRow2,0)) -> 20.2 | AL34: =INDEX(ovrTable2,MATCH(INDEX(teamCol2,ROW()),ovrTeamCol2,0),MATCH(MID(INDEX(headerRow2,1,COLUMN()),4,LEN(INDEX(headerRow2,1,COLUMN()))),ovrHeaderRow2,0)) -> 1.16 | AM34: =INDEX(ovrTable2,MATCH(INDEX(teamCol2,ROW()),ovrTeamCol2,0),MATCH(MID(INDEX(headerRow2,1,COLUMN()),4,LEN(INDEX(headerRow2,1,COLUMN()))),ovrHeaderRow2,0)) -> 14.5 | AN34: =INDEX(ovrTable2,MATCH(INDEX(teamCol2,ROW()),ovrTeamCol2,0),MATCH(MID(INDEX(headerRow2,1,COLUMN()),4,LEN(INDEX(headerRow2,1,COLUMN()))),ovrHeaderRow2,0)) -> 16.72 | AO34: =INDEX(ovrTable2,MATCH(INDEX(teamCol2,ROW()),ovrTeamCol2,0),MATCH(MID(INDEX(headerRow2,1,COLUMN()),4,LEN(INDEX(headerRow2,1,COLUMN()))),ovrHeaderRow2,0)) -> 3.1 | ... BK34: =INDEX(ovrTable2,MATCH(INDEX(teamCol2,ROW()),ovrTeamCol2,0),MATCH(MID(INDEX(headerRow2,1,COLUMN()),4,LEN(INDEX(headerRow2,1,COLUMN()))),ovrHeaderRow2,0)) -> 52.130045 | BL34: =INDEX(ovrTable2,MATCH(INDEX(oppCol23,ROW()),ovrTeamCol2,0),MATCH(MID(INDEX(headerRow2,1,COLUMN()),4,LEN(INDEX(headerRow2,1,COLUMN()))),ovrHeaderRow2,0)) -> 32.3 | BM34: =INDEX(ovrTable2,MATCH(INDEX(oppCol23,ROW()),ovrTeamCol2,0),MATCH(MID(INDEX(headerRow2,1,COLUMN()),4,LEN(INDEX(headerRow2,1,COLUMN()))),ovrHeaderRow2,0)) -> 8.9 | BN34: =INDEX(ovrTable2,MATCH(INDEX(oppCol23,ROW()),ovrTeamCol2,0),MATCH(MID(INDEX(headerRow2,1,COLUMN()),4,LEN(INDEX(headerRow2,1,COLUMN()))),ovrHeaderRow2,0)) -> 35.9 | BO34: =INDEX(ovrTable2,MATCH(INDEX(oppCol23,ROW()),ovrTeamCol2,0),MATCH(MID(INDEX(headerRow2,1,COLUMN()),4,LEN(INDEX(headerRow2,1,COLUMN()))),ovrHeaderRow2,0)) -> 25.1 | BP34: =INDEX(ovrTable2,MATCH(INDEX(oppCol23,ROW()),ovrTeamCol2,0),MATCH(MID(INDEX(headerRow2,1,COLUMN()),4,LEN(INDEX(headerRow2,1,COLUMN()))),ovrHeaderRow2,0)) -> 1.41 | BQ34: =INDEX(ovrTable2,MATCH(INDEX(oppCol23,ROW()),ovrTeamCol2,0),MATCH(MID(INDEX(headerRow2,1,COLUMN()),4,LEN(INDEX(headerRow2,1,COLUMN()))),ovrHeaderRow2,0)) -> 14.6 | BR34: =INDEX(ovrTable2,MATCH(INDEX(oppCol23,ROW()),ovrTeamCol2,0),MATCH(MID(INDEX(headerRow2,1,COLUMN()),4,LEN(INDEX(headerRow2,1,COLUMN()))),ovrHeaderRow2,0)) -> 16.66 | BS34: =INDEX(ovrTable2,MATCH(INDEX(oppCol23,ROW()),ovrTeamCol2,0),MATCH(MID(INDEX(headerRow2,1,COLUMN()),4,LEN(INDEX(headerRow2,1,COLUMN()))),ovrHeaderRow2,0)) -> 4.1 | ... CO34: =INDEX(ovrTable2,MATCH(INDEX(oppCol23,ROW()),ovrTeamCol2,0),MATCH(MID(INDEX(headerRow2,1,COLUMN()),4,LEN(INDEX(headerRow2,1,COLUMN()))),ovrHeaderRow2,0)) -> 58.129176
A35: PITT | B35: 11 | C35: ISU | D35: 17 | E35: =G34 -> 9.5238095 | F35: 6 | G35: =F35/H35*100 -> 31.578947 | H35: 19 | I35: =J35/AE35 -> 0.66666667 | J35: 10 | K35: 11 | L35: 4 | M35: =Q34 -> 23.3 | N35: 32 | O35: =((X35-F35*3-U35)/2+F35*1.5)/(((X35-F35*3-U35)/2+F35)/(G35/100)) -> 0.38345865 | P35: 7 | Q35: 34.1 | R35: 19 | S35: =U35/T35*100 -> 86.206897 | T35: 29 | U35: 25 | V35: =X34 -> 41 | W35: 7 | X35: 59 | Y35: =Z35-Z34 -> 2 | Z35: =W35+N35 -> 39 | AA35: =X35-V35 -> 18 | AB35: 6 | AC35: =AD35-AE35 -> -7 | AD35: =AE34 -> 8 | AE35: 15 | AF35: =(ROUND(((X35-U35-3*F35)/2),0)+F35)/Q35*100-W35+AE35+T35*0.475 -> 62.830718 | AG35: =AVERAGE(AF34,AF35) -> 61.970778 | AH35: =INDEX(ovrTable2,MATCH(INDEX(teamCol2,ROW()),ovrTeamCol2,0),MATCH(MID(INDEX(headerRow2,1,COLUMN()),4,LEN(INDEX(headerRow2,1,COLUMN()))),ovrHeaderRow2,0)) -> 32.3 | AI35: =INDEX(ovrTable2,MATCH(INDEX(teamCol2,ROW()),ovrTeamCol2,0),MATCH(MID(INDEX(headerRow2,1,COLUMN()),4,LEN(INDEX(headerRow2,1,COLUMN()))),ovrHeaderRow2,0)) -> 8.9 | AJ35: =INDEX(ovrTable2,MATCH(INDEX(teamCol2,ROW()),ovrTeamCol2,0),MATCH(MID(INDEX(headerRow2,1,COLUMN()),4,LEN(INDEX(headerRow2,1,COLUMN()))),ovrHeaderRow2,0)) -> 35.9 | AK35: =INDEX(ovrTable2,MATCH(INDEX(teamCol2,ROW()),ovrTeamCol2,0),MATCH(MID(INDEX(headerRow2,1,COLUMN()),4,LEN(INDEX(headerRow2,1,COLUMN()))),ovrHeaderRow2,0)) -> 25.1 | AL35: =INDEX(ovrTable2,MATCH(INDEX(teamCol2,ROW()),ovrTeamCol2,0),MATCH(MID(INDEX(headerRow2,1,COLUMN()),4,LEN(INDEX(headerRow2,1,COLUMN()))),ovrHeaderRow2,0)) -> 1.41 | AM35: =INDEX(ovrTable2,MATCH(INDEX(teamCol2,ROW()),ovrTeamCol2,0),MATCH(MID(INDEX(headerRow2,1,COLUMN()),4,LEN(INDEX(headerRow2,1,COLUMN()))),ovrHeaderRow2,0)) -> 14.6 | AN35: =INDEX(ovrTable2,MATCH(INDEX(teamCol2,ROW()),ovrTeamCol2,0),MATCH(MID(INDEX(headerRow2,1,COLUMN()),4,LEN(INDEX(headerRow2,1,COLUMN()))),ovrHeaderRow2,0)) -> 16.66 | AO35: =INDEX(ovrTable2,MATCH(INDEX(teamCol2,ROW()),ovrTeamCol2,0),MATCH(MID(INDEX(headerRow2,1,COLUMN()),4,LEN(INDEX(headerRow2,1,COLUMN()))),ovrHeaderRow2,0)) -> 4.1 | ... BK35: =INDEX(ovrTable2,MATCH(INDEX(teamCol2,ROW()),ovrTeamCol2,0),MATCH(MID(INDEX(headerRow2,1,COLUMN()),4,LEN(INDEX(headerRow2,1,COLUMN()))),ovrHeaderRow2,0)) -> 58.129176 | BL35: =INDEX(ovrTable2,MATCH(INDEX(oppCol23,ROW()),ovrTeamCol2,0),MATCH(MID(INDEX(headerRow2,1,COLUMN()),4,LEN(INDEX(headerRow2,1,COLUMN()))),ovrHeaderRow2,0)) -> 33.6 | BM35: =INDEX(ovrTable2,MATCH(INDEX(oppCol23,ROW()),ovrTeamCol2,0),MATCH(MID(INDEX(headerRow2,1,COLUMN()),4,LEN(INDEX(headerRow2,1,COLUMN()))),ovrHeaderRow2,0)) -> 6.6 | BN35: =INDEX(ovrTable2,MATCH(INDEX(oppCol23,ROW()),ovrTeamCol2,0),MATCH(MID(INDEX(headerRow2,1,COLUMN()),4,LEN(INDEX(headerRow2,1,COLUMN()))),ovrHeaderRow2,0)) -> 33.8 | BO35: =INDEX(ovrTable2,MATCH(INDEX(oppCol23,ROW()),ovrTeamCol2,0),MATCH(MID(INDEX(headerRow2,1,COLUMN()),4,LEN(INDEX(headerRow2,1,COLUMN()))),ovrHeaderRow2,0)) -> 20.2 | BP35: =INDEX(ovrTable2,MATCH(INDEX(oppCol23,ROW()),ovrTeamCol2,0),MATCH(MID(INDEX(headerRow2,1,COLUMN()),4,LEN(INDEX(headerRow2,1,COLUMN()))),ovrHeaderRow2,0)) -> 1.16 | BQ35: =INDEX(ovrTable2,MATCH(INDEX(oppCol23,ROW()),ovrTeamCol2,0),MATCH(MID(INDEX(headerRow2,1,COLUMN()),4,LEN(INDEX(headerRow2,1,COLUMN()))),ovrHeaderRow2,0)) -> 14.5 | BR35: =INDEX(ovrTable2,MATCH(INDEX(oppCol23,ROW()),ovrTeamCol2,0),MATCH(MID(INDEX(headerRow2,1,COLUMN()),4,LEN(INDEX(headerRow2,1,COLUMN()))),ovrHeaderRow2,0)) -> 16.72 | BS35: =INDEX(ovrTable2,MATCH(INDEX(oppCol23,ROW()),ovrTeamCol2,0),MATCH(MID(INDEX(headerRow2,1,COLUMN()),4,LEN(INDEX(headerRow2,1,COLUMN()))),ovrHeaderRow2,0)) -> 3.1 | ... CO35: =INDEX(ovrTable2,MATCH(INDEX(oppCol23,ROW()),ovrTeamCol2,0),MATCH(MID(INDEX(headerRow2,1,COLUMN()),4,LEN(INDEX(headerRow2,1,COLUMN()))),ovrHeaderRow2,0)) -> 52.130045
A36: XAV | B36: 3 | C36: KENN | D36: 18 | E36: =G37 -> 26.315789 | F36: 2 | G36: =F36/H36*100 -> 16.666667 | H36: 12 | I36: =J36/AE36 -> 1.6 | J36: 16 | K36: 1 | L36: 4 | M36: =Q37 -> 42.2 | N36: 32 | O36: =((X36-F36*3-U36)/2+F36*1.5)/(((X36-F36*3-U36)/2+F36)/(G36/100)) -> 0.17361111 | P36: 2 | Q36: 46.2 | R36: 17 | S36: =U36/T36*100 -> 73.333333 | T36: 30 | U36: 22 | V36: =X37 -> 67 | W36: 4 | X36: 72 | Y36: =Z36-Z37 -> -2 | Z36: =W36+N36 -> 36 | AA36: =X36-V36 -> 5 | AB36: 6 | AC36: =AD36-AE36 -> 1 | AD36: =AE37 -> 11 | AE36: 10 | AF36: =(ROUND(((X36-U36-3*F36)/2),0)+F36)/Q36*100-W36+AE36+T36*0.475 -> 72.198052 | AG36: =AVERAGE(AF36,AF37) -> 71.677047 | AH36: =INDEX(ovrTable2,MATCH(INDEX(teamCol2,ROW()),ovrTeamCol2,0),MATCH(MID(INDEX(headerRow2,1,COLUMN()),4,LEN(INDEX(headerRow2,1,COLUMN()))),ovrHeaderRow2,0)) -> 34.7 | AI36: =INDEX(ovrTable2,MATCH(INDEX(teamCol2,ROW()),ovrTeamCol2,0),MATCH(MID(INDEX(headerRow2,1,COLUMN()),4,LEN(INDEX(headerRow2,1,COLUMN()))),ovrHeaderRow2,0)) -> 7.5 | AJ36: =INDEX(ovrTable2,MATCH(INDEX(teamCol2,ROW()),ovrTeamCol2,0),MATCH(MID(INDEX(headerRow2,1,COLUMN()),4,LEN(INDEX(headerRow2,1,COLUMN()))),ovrHeaderRow2,0)) -> 39.9 | AK36: =INDEX(ovrTable2,MATCH(INDEX(teamCol2,ROW()),ovrTeamCol2,0),MATCH(MID(INDEX(headerRow2,1,COLUMN()),4,LEN(INDEX(headerRow2,1,COLUMN()))),ovrHeaderRow2,0)) -> 19.3 | AL36: =INDEX(ovrTable2,MATCH(INDEX(teamCol2,ROW()),ovrTeamCol2,0),MATCH(MID(INDEX(headerRow2,1,COLUMN()),4,LEN(INDEX(headerRow2,1,COLUMN()))),ovrHeaderRow2,0)) -> 1.71 | AM36: =INDEX(ovrTable2,MATCH(INDEX(teamCol2,ROW()),ovrTeamCol2,0),MATCH(MID(INDEX(headerRow2,1,COLUMN()),4,LEN(INDEX(headerRow2,1,COLUMN()))),ovrHeaderRow2,0)) -> 19 | AN36: =INDEX(ovrTable2,MATCH(INDEX(teamCol2,ROW()),ovrTeamCol2,0),MATCH(MID(INDEX(headerRow2,1,COLUMN()),4,LEN(INDEX(headerRow2,1,COLUMN()))),ovrHeaderRow2,0)) -> 11.79 | AO36: =INDEX(ovrTable2,MATCH(INDEX(teamCol2,ROW()),ovrTeamCol2,0),MATCH(MID(INDEX(headerRow2,1,COLUMN()),4,LEN(INDEX(headerRow2,1,COLUMN()))),ovrHeaderRow2,0)) -> 3.5 | ... BK36: =INDEX(ovrTable2,MATCH(INDEX(teamCol2,ROW()),ovrTeamCol2,0),MATCH(MID(INDEX(headerRow2,1,COLUMN()),4,LEN(INDEX(headerRow2,1,COLUMN()))),ovrHeaderRow2,0)) -> 64.765784 | BL36: =INDEX(ovrTable2,MATCH(INDEX(oppCol23,ROW()),ovrTeamCol2,0),MATCH(MID(INDEX(headerRow2,1,COLUMN()),4,LEN(INDEX(headerRow2,1,COLUMN()))),ovrHeaderRow2,0)) -> 32.9 | BM36: =INDEX(ovrTable2,MATCH(INDEX(oppCol23,ROW()),ovrTeamCol2,0),MATCH(MID(INDEX(headerRow2,1,COLUMN()),4,LEN(INDEX(headerRow2,1,COLUMN()))),ovrHeaderRow2,0)) -> 8.5 | BN36: =INDEX(ovrTable2,MATCH(INDEX(oppCol23,ROW()),ovrTeamCol2,0),MATCH(MID(INDEX(headerRow2,1,COLUMN()),4,LEN(INDEX(headerRow2,1,COLUMN()))),ovrHeaderRow2,0)) -> 36.3 | BO36: =INDEX(ovrTable2,MATCH(INDEX(oppCol23,ROW()),ovrTeamCol2,0),MATCH(MID(INDEX(headerRow2,1,COLUMN()),4,LEN(INDEX(headerRow2,1,COLUMN()))),ovrHeaderRow2,0)) -> 22.7 | BP36: =INDEX(ovrTable2,MATCH(INDEX(oppCol23,ROW()),ovrTeamCol2,0),MATCH(MID(INDEX(headerRow2,1,COLUMN()),4,LEN(INDEX(headerRow2,1,COLUMN()))),ovrHeaderRow2,0)) -> 1.28 | BQ36: =INDEX(ovrTable2,MATCH(INDEX(oppCol23,ROW()),ovrTeamCol2,0),MATCH(MID(INDEX(headerRow2,1,COLUMN()),4,LEN(INDEX(headerRow2,1,COLUMN()))),ovrHeaderRow2,0)) -> 14.9 | BR36: =INDEX(ovrTable2,MATCH(INDEX(oppCol23,ROW()),ovrTeamCol2,0),MATCH(MID(INDEX(headerRow2,1,COLUMN()),4,LEN(INDEX(headerRow2,1,COLUMN()))),ovrHeaderRow2,0)) -> 21.31 | BS36: =INDEX(ovrTable2,MATCH(INDEX(oppCol23,ROW()),ovrTeamCol2,0),MATCH(MID(INDEX(headerRow2,1,COLUMN()),4,LEN(INDEX(headerRow2,1,COLUMN()))),ovrHeaderRow2,0)) -> 2.8 | ... CO36: =INDEX(ovrTable2,MATCH(INDEX(oppCol23,ROW()),ovrTeamCol2,0),MATCH(MID(INDEX(headerRow2,1,COLUMN()),4,LEN(INDEX(headerRow2,1,COLUMN()))),ovrHeaderRow2,0)) -> 56.531049
A37: KENN | B37: 14 | C37: XAV | D37: 18 | E37: =G36 -> 16.666667 | F37: 5 | G37: =F37/H37*100 -> 26.315789 | H37: 19 | I37: =J37/AE37 -> 1.0909091 | J37: 12 | K37: 19 | L37: 1 | M37: =Q36 -> 46.2 | N37: 28 | O37: =((X37-F37*3-U37)/2+F37*1.5)/(((X37-F37*3-U37)/2+F37)/(G37/100)) -> 0.28752437 | P37: 8 | Q37: 42.2 | R37: 21 | S37: =U37/T37*100 -> 61.538462 | T37: 13 | U37: 8 | V37: =X36 -> 72 | W37: 10 | X37: 67 | Y37: =Z37-Z36 -> 2 | Z37: =W37+N37 -> 38 | AA37: =X37-V37 -> -5 | AB37: 5 | AC37: =AD37-AE37 -> -1 | AD37: =AE36 -> 10 | AE37: 11 | AF37: =(ROUND(((X37-U37-3*F37)/2),0)+F37)/Q37*100-W37+AE37+T37*0.475 -> 71.156043 | AG37: =AVERAGE(AF36,AF37) -> 71.677047 | AH37: =INDEX(ovrTable2,MATCH(INDEX(teamCol2,ROW()),ovrTeamCol2,0),MATCH(MID(INDEX(headerRow2,1,COLUMN()),4,LEN(INDEX(headerRow2,1,COLUMN()))),ovrHeaderRow2,0)) -> 32.9 | AI37: =INDEX(ovrTable2,MATCH(INDEX(teamCol2,ROW()),ovrTeamCol2,0),MATCH(MID(INDEX(headerRow2,1,COLUMN()),4,LEN(INDEX(headerRow2,1,COLUMN()))),ovrHeaderRow2,0)) -> 8.5 | AJ37: =INDEX(ovrTable2,MATCH(INDEX(teamCol2,ROW()),ovrTeamCol2,0),MATCH(MID(INDEX(headerRow2,1,COLUMN()),4,LEN(INDEX(headerRow2,1,COLUMN()))),ovrHeaderRow2,0)) -> 36.3 | AK37: =INDEX(ovrTable2,MATCH(INDEX(teamCol2,ROW()),ovrTeamCol2,0),MATCH(MID(INDEX(headerRow2,1,COLUMN()),4,LEN(INDEX(headerRow2,1,COLUMN()))),ovrHeaderRow2,0)) -> 22.7 | AL37: =INDEX(ovrTable2,MATCH(INDEX(teamCol2,ROW()),ovrTeamCol2,0),MATCH(MID(INDEX(headerRow2,1,COLUMN()),4,LEN(INDEX(headerRow2,1,COLUMN()))),ovrHeaderRow2,0)) -> 1.28 | AM37: =INDEX(ovrTable2,MATCH(INDEX(teamCol2,ROW()),ovrTeamCol2,0),MATCH(MID(INDEX(headerRow2,1,COLUMN()),4,LEN(INDEX(headerRow2,1,COLUMN()))),ovrHeaderRow2,0)) -> 14.9 | AN37: =INDEX(ovrTable2,MATCH(INDEX(teamCol2,ROW()),ovrTeamCol2,0),MATCH(MID(INDEX(headerRow2,1,COLUMN()),4,LEN(INDEX(headerRow2,1,COLUMN()))),ovrHeaderRow2,0)) -> 21.31 | AO37: =INDEX(ovrTable2,MATCH(INDEX(teamCol2,ROW()),ovrTeamCol2,0),MATCH(MID(INDEX(headerRow2,1,COLUMN()),4,LEN(INDEX(headerRow2,1,COLUMN()))),ovrHeaderRow2,0)) -> 2.8 | ... BK37: =INDEX(ovrTable2,MATCH(INDEX(teamCol2,ROW()),ovrTeamCol2,0),MATCH(MID(INDEX(headerRow2,1,COLUMN()),4,LEN(INDEX(headerRow2,1,COLUMN()))),ovrHeaderRow2,0)) -> 56.531049 | BL37: =INDEX(ovrTable2,MATCH(INDEX(oppCol23,ROW()),ovrTeamCol2,0),MATCH(MID(INDEX(headerRow2,1,COLUMN()),4,LEN(INDEX(headerRow2,1,COLUMN()))),ovrHeaderRow2,0)) -> 34.7 | BM37: =INDEX(ovrTable2,MATCH(INDEX(oppCol23,ROW()),ovrTeamCol2,0),MATCH(MID(INDEX(headerRow2,1,COLUMN()),4,LEN(INDEX(headerRow2,1,COLUMN()))),ovrHeaderRow2,0)) -> 7.5 | BN37: =INDEX(ovrTable2,MATCH(INDEX(oppCol23,ROW()),ovrTeamCol2,0),MATCH(MID(INDEX(headerRow2,1,COLUMN()),4,LEN(INDEX(headerRow2,1,COLUMN()))),ovrHeaderRow2,0)) -> 39.9 | BO37: =INDEX(ovrTable2,MATCH(INDEX(oppCol23,ROW()),ovrTeamCol2,0),MATCH(MID(INDEX(headerRow2,1,COLUMN()),4,LEN(INDEX(headerRow2,1,COLUMN()))),ovrHeaderRow2,0)) -> 19.3 | BP37: =INDEX(ovrTable2,MATCH(INDEX(oppCol23,ROW()),ovrTeamCol2,0),MATCH(MID(INDEX(headerRow2,1,COLUMN()),4,LEN(INDEX(headerRow2,1,COLUMN()))),ovrHeaderRow2,0)) -> 1.71 | BQ37: =INDEX(ovrTable2,MATCH(INDEX(oppCol23,ROW()),ovrTeamCol2,0),MATCH(MID(INDEX(headerRow2,1,COLUMN()),4,LEN(INDEX(headerRow2,1,COLUMN()))),ovrHeaderRow2,0)) -> 19 | BR37: =INDEX(ovrTable2,MATCH(INDEX(oppCol23,ROW()),ovrTeamCol2,0),MATCH(MID(INDEX(headerRow2,1,COLUMN()),4,LEN(INDEX(headerRow2,1,COLUMN()))),ovrHeaderRow2,0)) -> 11.79 | BS37: =INDEX(ovrTable2,MATCH(INDEX(oppCol23,ROW()),ovrTeamCol2,0),MATCH(MID(INDEX(headerRow2,1,COLUMN()),4,LEN(INDEX(headerRow2,1,COLUMN()))),ovrHeaderRow2,0)) -> 3.5 | ... CO37: =INDEX(ovrTable2,MATCH(INDEX(oppCol23,ROW()),ovrTeamCol2,0),MATCH(MID(INDEX(headerRow2,1,COLUMN()),4,LEN(INDEX(headerRow2,1,COLUMN()))),ovrHeaderRow2,0)) -> 64.765784
A38: TA&M | B38: 7 | C38: PSU | D38: 19 | E38: =G39 -> 59.090909 | F38: 10 | G38: =F38/H38*100 -> 29.411765 | H38: 34 | I38: =J38/AE38 -> 0.9 | J38: 9 | K38: 6 | L38: 2 | M38: =Q39 -> 48.2 | N38: 19 | O38: =((X38-F38*3-U38)/2+F38*1.5)/(((X38-F38*3-U38)/2+F38)/(G38/100)) -> 0.36764706 | P38: 0 | Q38: 33.9 | R38: 15 | S38: =U38/T38*100 -> 75 | T38: 12 | U38: 9 | V38: =X39 -> 76 | W38: 17 | X38: 59 | Y38: =Z38-Z39 -> 4 | Z38: =W38+N38 -> 36 | AA38: =X38-V38 -> -17 | AB38: 3 | AC38: =AD38-AE38 -> -2 | AD38: =AE39 -> 8 | AE38: 10 | AF38: =(ROUND(((X38-U38-3*F38)/2),0)+F38)/Q38*100-W38+AE38+T38*0.475 -> 57.69705 | AG38: =AVERAGE(AF38,AF39) -> 59.469324 | AH38: =INDEX(ovrTable2,MATCH(INDEX(teamCol2,ROW()),ovrTeamCol2,0),MATCH(MID(INDEX(headerRow2,1,COLUMN()),4,LEN(INDEX(headerRow2,1,COLUMN()))),ovrHeaderRow2,0)) -> 32.6 | AI38: =INDEX(ovrTable2,MATCH(INDEX(teamCol2,ROW()),ovrTeamCol2,0),MATCH(MID(INDEX(headerRow2,1,COLUMN()),4,LEN(INDEX(headerRow2,1,COLUMN()))),ovrHeaderRow2,0)) -> 6.5 | AJ38: =INDEX(ovrTable2,MATCH(INDEX(teamCol2,ROW()),ovrTeamCol2,0),MATCH(MID(INDEX(headerRow2,1,COLUMN()),4,LEN(INDEX(headerRow2,1,COLUMN()))),ovrHeaderRow2,0)) -> 33.2 | AK38: =INDEX(ovrTable2,MATCH(INDEX(teamCol2,ROW()),ovrTeamCol2,0),MATCH(MID(INDEX(headerRow2,1,COLUMN()),4,LEN(INDEX(headerRow2,1,COLUMN()))),ovrHeaderRow2,0)) -> 19.4 | AL38: =INDEX(ovrTable2,MATCH(INDEX(teamCol2,ROW()),ovrTeamCol2,0),MATCH(MID(INDEX(headerRow2,1,COLUMN()),4,LEN(INDEX(headerRow2,1,COLUMN()))),ovrHeaderRow2,0)) -> 1.13 | AM38: =INDEX(ovrTable2,MATCH(INDEX(teamCol2,ROW()),ovrTeamCol2,0),MATCH(MID(INDEX(headerRow2,1,COLUMN()),4,LEN(INDEX(headerRow2,1,COLUMN()))),ovrHeaderRow2,0)) -> 12.7 | AN38: =INDEX(ovrTable2,MATCH(INDEX(teamCol2,ROW()),ovrTeamCol2,0),MATCH(MID(INDEX(headerRow2,1,COLUMN()),4,LEN(INDEX(headerRow2,1,COLUMN()))),ovrHeaderRow2,0)) -> 17.46 | AO38: =INDEX(ovrTable2,MATCH(INDEX(teamCol2,ROW()),ovrTeamCol2,0),MATCH(MID(INDEX(headerRow2,1,COLUMN()),4,LEN(INDEX(headerRow2,1,COLUMN()))),ovrHeaderRow2,0)) -> 2.3 | ... BK38: =INDEX(ovrTable2,MATCH(INDEX(teamCol2,ROW()),ovrTeamCol2,0),MATCH(MID(INDEX(headerRow2,1,COLUMN()),4,LEN(INDEX(headerRow2,1,COLUMN()))),ovrHeaderRow2,0)) -> 56.264237 | BL38: =INDEX(ovrTable2,MATCH(INDEX(oppCol23,ROW()),ovrTeamCol2,0),MATCH(MID(INDEX(headerRow2,1,COLUMN()),4,LEN(INDEX(headerRow2,1,COLUMN()))),ovrHeaderRow2,0)) -> 32.5 | BM38: =INDEX(ovrTable2,MATCH(INDEX(oppCol23,ROW()),ovrTeamCol2,0),MATCH(MID(INDEX(headerRow2,1,COLUMN()),4,LEN(INDEX(headerRow2,1,COLUMN()))),ovrHeaderRow2,0)) -> 11.1 | BN38: =INDEX(ovrTable2,MATCH(INDEX(oppCol23,ROW()),ovrTeamCol2,0),MATCH(MID(INDEX(headerRow2,1,COLUMN()),4,LEN(INDEX(headerRow2,1,COLUMN()))),ovrHeaderRow2,0)) -> 39.1 | BO38: =INDEX(ovrTable2,MATCH(INDEX(oppCol23,ROW()),ovrTeamCol2,0),MATCH(MID(INDEX(headerRow2,1,COLUMN()),4,LEN(INDEX(headerRow2,1,COLUMN()))),ovrHeaderRow2,0)) -> 26.3 | BP38: =INDEX(ovrTable2,MATCH(INDEX(oppCol23,ROW()),ovrTeamCol2,0),MATCH(MID(INDEX(headerRow2,1,COLUMN()),4,LEN(INDEX(headerRow2,1,COLUMN()))),ovrHeaderRow2,0)) -> 1.66 | BQ38: =INDEX(ovrTable2,MATCH(INDEX(oppCol23,ROW()),ovrTeamCol2,0),MATCH(MID(INDEX(headerRow2,1,COLUMN()),4,LEN(INDEX(headerRow2,1,COLUMN()))),ovrHeaderRow2,0)) -> 13.9 | BR38: =INDEX(ovrTable2,MATCH(INDEX(oppCol23,ROW()),ovrTeamCol2,0),MATCH(MID(INDEX(headerRow2,1,COLUMN()),4,LEN(INDEX(headerRow2,1,COLUMN()))),ovrHeaderRow2,0)) -> 15.86 | BS38: =INDEX(ovrTable2,MATCH(INDEX(oppCol23,ROW()),ovrTeamCol2,0),MATCH(MID(INDEX(headerRow2,1,COLUMN()),4,LEN(INDEX(headerRow2,1,COLUMN()))),ovrHeaderRow2,0)) -> 2.2 | ... CO38: =INDEX(ovrTable2,MATCH(INDEX(oppCol23,ROW()),ovrTeamCol2,0),MATCH(MID(INDEX(headerRow2,1,COLUMN()),4,LEN(INDEX(headerRow2,1,COLUMN()))),ovrHeaderRow2,0)) -> 57.782516
A39: PSU | B39: 10 | C39: TA&M | D39: 19 | E39: =G38 -> 29.411765 | F39: 13 | G39: =F39/H39*100 -> 59.090909 | H39: 22 | I39: =J39/AE39 -> 1.75 | J39: 14 | K39: 10 | L39: 1 | M39: =Q38 -> 33.9 | N39: 24 | O39: =((X39-F39*3-U39)/2+F39*1.5)/(((X39-F39*3-U39)/2+F39)/(G39/100)) -> 0.73316498 | P39: 0 | Q39: 48.2 | R39: 11 | S39: =U39/T39*100 -> 81.818182 | T39: 11 | U39: 9 | V39: =X38 -> 59 | W39: 8 | X39: 76 | Y39: =Z39-Z38 -> -4 | Z39: =W39+N39 -> 32 | AA39: =X39-V39 -> 17 | AB39: 5 | AC39: =AD39-AE39 -> 2 | AD39: =AE38 -> 10 | AE39: 8 | AF39: =(ROUND(((X39-U39-3*F39)/2),0)+F39)/Q39*100-W39+AE39+T39*0.475 -> 61.241598 | AG39: =AVERAGE(AF38,AF39) -> 59.469324 | AH39: =INDEX(ovrTable2,MATCH(INDEX(teamCol2,ROW()),ovrTeamCol2,0),MATCH(MID(INDEX(headerRow2,1,COLUMN()),4,LEN(INDEX(headerRow2,1,COLUMN()))),ovrHeaderRow2,0)) -> 32.5 | AI39: =INDEX(ovrTable2,MATCH(INDEX(teamCol2,ROW()),ovrTeamCol2,0),MATCH(MID(INDEX(headerRow2,1,COLUMN()),4,LEN(INDEX(headerRow2,1,COLUMN()))),ovrHeaderRow2,0)) -> 11.1 | AJ39: =INDEX(ovrTable2,MATCH(INDEX(teamCol2,ROW()),ovrTeamCol2,0),MATCH(MID(INDEX(headerRow2,1,COLUMN()),4,LEN(INDEX(headerRow2,1,COLUMN()))),ovrHeaderRow2,0)) -> 39.1 | AK39: =INDEX(ovrTable2,MATCH(INDEX(teamCol2,ROW()),ovrTeamCol2,0),MATCH(MID(INDEX(headerRow2,1,COLUMN()),4,LEN(INDEX(headerRow2,1,COLUMN()))),ovrHeaderRow2,0)) -> 26.3 | AL39: =INDEX(ovrTable2,MATCH(INDEX(teamCol2,ROW()),ovrTeamCol2,0),MATCH(MID(INDEX(headerRow2,1,COLUMN()),4,LEN(INDEX(headerRow2,1,COLUMN()))),ovrHeaderRow2,0)) -> 1.66 | AM39: =INDEX(ovrTable2,MATCH(INDEX(teamCol2,ROW()),ovrTeamCol2,0),MATCH(MID(INDEX(headerRow2,1,COLUMN()),4,LEN(INDEX(headerRow2,1,COLUMN()))),ovrHeaderRow2,0)) -> 13.9 | AN39: =INDEX(ovrTable2,MATCH(INDEX(teamCol2,ROW()),ovrTeamCol2,0),MATCH(MID(INDEX(headerRow2,1,COLUMN()),4,LEN(INDEX(headerRow2,1,COLUMN()))),ovrHeaderRow2,0)) -> 15.86 | AO39: =INDEX(ovrTable2,MATCH(INDEX(teamCol2,ROW()),ovrTeamCol2,0),MATCH(MID(INDEX(headerRow2,1,COLUMN()),4,LEN(INDEX(headerRow2,1,COLUMN()))),ovrHeaderRow2,0)) -> 2.2 | ... BK39: =INDEX(ovrTable2,MATCH(INDEX(teamCol2,ROW()),ovrTeamCol2,0),MATCH(MID(INDEX(headerRow2,1,COLUMN()),4,LEN(INDEX(headerRow2,1,COLUMN()))),ovrHeaderRow2,0)) -> 57.782516 | BL39: =INDEX(ovrTable2,MATCH(INDEX(oppCol23,ROW()),ovrTeamCol2,0),MATCH(MID(INDEX(headerRow2,1,COLUMN()),4,LEN(INDEX(headerRow2,1,COLUMN()))),ovrHeaderRow2,0)) -> 32.6 | BM39: =INDEX(ovrTable2,MATCH(INDEX(oppCol23,ROW()),ovrTeamCol2,0),MATCH(MID(INDEX(headerRow2,1,COLUMN()),4,LEN(INDEX(headerRow2,1,COLUMN()))),ovrHeaderRow2,0)) -> 6.5 | BN39: =INDEX(ovrTable2,MATCH(INDEX(oppCol23,ROW()),ovrTeamCol2,0),MATCH(MID(INDEX(headerRow2,1,COLUMN()),4,LEN(INDEX(headerRow2,1,COLUMN()))),ovrHeaderRow2,0)) -> 33.2 | BO39: =INDEX(ovrTable2,MATCH(INDEX(oppCol23,ROW()),ovrTeamCol2,0),MATCH(MID(INDEX(headerRow2,1,COLUMN()),4,LEN(INDEX(headerRow2,1,COLUMN()))),ovrHeaderRow2,0)) -> 19.4 | BP39: =INDEX(ovrTable2,MATCH(INDEX(oppCol23,ROW()),ovrTeamCol2,0),MATCH(MID(INDEX(headerRow2,1,COLUMN()),4,LEN(INDEX(headerRow2,1,COLUMN()))),ovrHeaderRow2,0)) -> 1.13 | BQ39: =INDEX(ovrTable2,MATCH(INDEX(oppCol23,ROW()),ovrTeamCol2,0),MATCH(MID(INDEX(headerRow2,1,COLUMN()),4,LEN(INDEX(headerRow2,1,COLUMN()))),ovrHeaderRow2,0)) -> 12.7 | BR39: =INDEX(ovrTable2,MATCH(INDEX(oppCol23,ROW()),ovrTeamCol2,0),MATCH(MID(INDEX(headerRow2,1,COLUMN()),4,LEN(INDEX(headerRow2,1,COLUMN()))),ovrHeaderRow2,0)) -> 17.46 | BS39: =INDEX(ovrTable2,MATCH(INDEX(oppCol23,ROW()),ovrTeamCol2,0),MATCH(MID(INDEX(headerRow2,1,COLUMN()),4,LEN(INDEX(headerRow2,1,COLUMN()))),ovrHeaderRow2,0)) -> 2.3 | ... CO39: =INDEX(ovrTable2,MATCH(INDEX(oppCol23,ROW()),ovrTeamCol2,0),MATCH(MID(INDEX(headerRow2,1,COLUMN()),4,LEN(INDEX(headerRow2,1,COLUMN()))),ovrHeaderRow2,0)) -> 56.264237
A40: TEX | B40: 2 | C40: COLG | D40: 20 | E40: =G41 -> 20 | F40: 13 | G40: =F40/H40*100 -> 56.521739 | H40: 23 | I40: =J40/AE40 -> 1.5384615 | J40: 20 | K40: 33 | L40: 5 | M40: =Q41 -> 43.1 | N40: 23 | O40: =((X40-F40*3-U40)/2+F40*1.5)/(((X40-F40*3-U40)/2+F40)/(G40/100)) -> 0.68373072 | P40: 10 | Q40: 53.4 | R40: 12 | S40: =U40/T40*100 -> 75 | T40: 8 | U40: 6 | V40: =X41 -> 61 | W40: 11 | X40: 81 | Y40: =Z40-Z41 -> 10 | Z40: =W40+N40 -> 34 | AA40: =X40-V40 -> 20 | AB40: 7 | AC40: =AD40-AE40 -> -2 | AD40: =AE41 -> 11 | AE40: 13 | AF40: =(ROUND(((X40-U40-3*F40)/2),0)+F40)/Q40*100-W40+AE40+T40*0.475 -> 63.852434 | AG40: =AVERAGE(AF40,AF41) -> 64.066037 | AH40: =INDEX(ovrTable2,MATCH(INDEX(teamCol2,ROW()),ovrTeamCol2,0),MATCH(MID(INDEX(headerRow2,1,COLUMN()),4,LEN(INDEX(headerRow2,1,COLUMN()))),ovrHeaderRow2,0)) -> 32.1 | AI40: =INDEX(ovrTable2,MATCH(INDEX(teamCol2,ROW()),ovrTeamCol2,0),MATCH(MID(INDEX(headerRow2,1,COLUMN()),4,LEN(INDEX(headerRow2,1,COLUMN()))),ovrHeaderRow2,0)) -> 7.3 | AJ40: =INDEX(ovrTable2,MATCH(INDEX(teamCol2,ROW()),ovrTeamCol2,0),MATCH(MID(INDEX(headerRow2,1,COLUMN()),4,LEN(INDEX(headerRow2,1,COLUMN()))),ovrHeaderRow2,0)) -> 34.9 | AK40: =INDEX(ovrTable2,MATCH(INDEX(teamCol2,ROW()),ovrTeamCol2,0),MATCH(MID(INDEX(headerRow2,1,COLUMN()),4,LEN(INDEX(headerRow2,1,COLUMN()))),ovrHeaderRow2,0)) -> 22 | AL40: =INDEX(ovrTable2,MATCH(INDEX(teamCol2,ROW()),ovrTeamCol2,0),MATCH(MID(INDEX(headerRow2,1,COLUMN()),4,LEN(INDEX(headerRow2,1,COLUMN()))),ovrHeaderRow2,0)) -> 1.58 | AM40: =INDEX(ovrTable2,MATCH(INDEX(teamCol2,ROW()),ovrTeamCol2,0),MATCH(MID(INDEX(headerRow2,1,COLUMN()),4,LEN(INDEX(headerRow2,1,COLUMN()))),ovrHeaderRow2,0)) -> 16.7 | AN40: =INDEX(ovrTable2,MATCH(INDEX(teamCol2,ROW()),ovrTeamCol2,0),MATCH(MID(INDEX(headerRow2,1,COLUMN()),4,LEN(INDEX(headerRow2,1,COLUMN()))),ovrHeaderRow2,0)) -> 33.29 | AO40: =INDEX(ovrTable2,MATCH(INDEX(teamCol2,ROW()),ovrTeamCol2,0),MATCH(MID(INDEX(headerRow2,1,COLUMN()),4,LEN(INDEX(headerRow2,1,COLUMN()))),ovrHeaderRow2,0)) -> 3.7 | ... BK40: =INDEX(ovrTable2,MATCH(INDEX(teamCol2,ROW()),ovrTeamCol2,0),MATCH(MID(INDEX(headerRow2,1,COLUMN()),4,LEN(INDEX(headerRow2,1,COLUMN()))),ovrHeaderRow2,0)) -> 61.087866 | BL40: =INDEX(ovrTable2,MATCH(INDEX(oppCol23,ROW()),ovrTeamCol2,0),MATCH(MID(INDEX(headerRow2,1,COLUMN()),4,LEN(INDEX(headerRow2,1,COLUMN()))),ovrHeaderRow2,0)) -> 34.9 | BM40: =INDEX(ovrTable2,MATCH(INDEX(oppCol23,ROW()),ovrTeamCol2,0),MATCH(MID(INDEX(headerRow2,1,COLUMN()),4,LEN(INDEX(headerRow2,1,COLUMN()))),ovrHeaderRow2,0)) -> 8.5 | BN40: =INDEX(ovrTable2,MATCH(INDEX(oppCol23,ROW()),ovrTeamCol2,0),MATCH(MID(INDEX(headerRow2,1,COLUMN()),4,LEN(INDEX(headerRow2,1,COLUMN()))),ovrHeaderRow2,0)) -> 40.9 | BO40: =INDEX(ovrTable2,MATCH(INDEX(oppCol23,ROW()),ovrTeamCol2,0),MATCH(MID(INDEX(headerRow2,1,COLUMN()),4,LEN(INDEX(headerRow2,1,COLUMN()))),ovrHeaderRow2,0)) -> 21 | BP40: =INDEX(ovrTable2,MATCH(INDEX(oppCol23,ROW()),ovrTeamCol2,0),MATCH(MID(INDEX(headerRow2,1,COLUMN()),4,LEN(INDEX(headerRow2,1,COLUMN()))),ovrHeaderRow2,0)) -> 1.86 | BQ40: =INDEX(ovrTable2,MATCH(INDEX(oppCol23,ROW()),ovrTeamCol2,0),MATCH(MID(INDEX(headerRow2,1,COLUMN()),4,LEN(INDEX(headerRow2,1,COLUMN()))),ovrHeaderRow2,0)) -> 18.5 | BR40: =INDEX(ovrTable2,MATCH(INDEX(oppCol23,ROW()),ovrTeamCol2,0),MATCH(MID(INDEX(headerRow2,1,COLUMN()),4,LEN(INDEX(headerRow2,1,COLUMN()))),ovrHeaderRow2,0)) -> 17.97 | BS40: =INDEX(ovrTable2,MATCH(INDEX(oppCol23,ROW()),ovrTeamCol2,0),MATCH(MID(INDEX(headerRow2,1,COLUMN()),4,LEN(INDEX(headerRow2,1,COLUMN()))),ovrHeaderRow2,0)) -> 3 | ... CO40: =INDEX(ovrTable2,MATCH(INDEX(oppCol23,ROW()),ovrTeamCol2,0),MATCH(MID(INDEX(headerRow2,1,COLUMN()),4,LEN(INDEX(headerRow2,1,COLUMN()))),ovrHeaderRow2,0)) -> 62.273642
